Σταθμός,Σημεία,Latitude,Longitude,Κατεύθυνση προς ,Πληροφορίες
Πειραιάς,Αλιπέδου,37.947.840,23.643.540,"Κηφισιά
","Απευθείας στις αποβάθρες προςΚηφισιά
"
Πειραιάς,Λουδοβίκου,37.947.700,23.642.780,"Κηφισιά
","Απευθείας στις αποβάθρες προςΚηφισιά
"
Πειραιάς,Πλατεία Οδησσού,37.947.850,23.642.710,"Κηφισιά
","Απευθείας στις αποβάθρες προςΚηφισιά
"
Φάληρο,Παναγίας Μυρτιδιωτίσσης,37.944.760,23.665.380,"Κηφισιά
",-
Φάληρο,"Δαβάκη Πίνδου

",37.955.228,23.679.769,Πειραιά,-
Μοσχάτο,Θεσσαλονίκης ,37.954.980,23.679.940,"Κηφισιά
","Απευθείας στην αποβάθρα 
μέσω ράμπας Θεσσαλονίκης. Υπάρχουν ανελκυστήρες εντός του σταθμού που συνδέουν τις δύο αποβάθρες

"
Μοσχάτο,Θεσσαλονίκης ,37.955.228,23.679.769,Πειραιά,"Απευθείας στην αποβάθρα 
μέσω ράμπας Θεσσαλονίκης. Υπάρχουν ανελκυστήρες εντός του σταθμού που συνδέουν τις δύο αποβάθρες

"
Καλλιθέα,Πατριάρχου Γρηγορίου Ε’,37.960.280,23.697.000,"Κηφισιά
","Οι ανελκυστήρες συνδέουν τις δύο αποβάθρες
"
Καλλιθέα,Θεσσαλονίκης,37.960.280,23.697.030,Πειραιά,"Οι ανελκυστήρες συνδέουν τις δύο αποβάθρες
"
Ταύρος,Αγίων Πάντων,37.962.200,23.703.680,"Κηφισιά
", Η είσοδος είναι μέσω ράμπας στο σταθμό.Υπάρχουν ανελκυστήρες εντός του σταθμού που οδηγούν στην αποβάθρα
Ταύρος,"Θεσσαλονίκης και Αναξαγόρα
",37.962.810,23.703.890,Πειραιά, Η είσοδος είναι μέσω ράμπας στο σταθμό. Υπάρχουν ανελκυστήρες εντός του σταθμού που οδηγούν στην αποβάθρα
Πετράλωνα,Θεσσαλονίκης,37.967.806,23.708.917,"Κηφισιά
",-
Πετράλωνα,Θεσσαλονίκης,37.967.890,23.708.700,Πειραιά,-
Θησείο,Αγίων Ασωμάτων,37.976.499,23.720.569,Κηφισιά,"μέσω ράμπας και στη συνέχεια χρήση
ανελκυστήρα για αποβάθρα

"
Θησείο,Αγίων Ασωμάτων,37.976.907,23.720.875,Πειραιά,μέσω ράμπας
Μοναστηράκι,Άρεως,37.975.957,23.725.778,Κηφισιά,"μέσω ράμπας και στη συνέχεια χρήση
ανελκυστήρα για αποβάθρα

"
Μοναστηράκι,"Αθηνάς 5

",37.976.959,23.726.166,Πειραιά,"μέσω της στοάς προς οδό Θέμιδος και
μέσω μετεπιβίβασης εντός του σταθμού

"
Ομόνοια,HONDOS CENTER,37.984.540,23.727.760,Κηφισιά,"Μέσω μετεπιβίβασης εντός του σταθμού. έμπροσθεν του πολυκαταστήματος
HONDOS CENTER ακολουθώντας την κυκλική κίνηση της
πλατείας Ομονοίας αμέσως μετά την 3η Σεπτεμβρίου δεξιά"
Ομόνοια,Flying Tiger,37.984.150,23.728.710,Πειραιά,"Μέσω μετεπιβίβασης εντός του σταθμού. Έμπροσθεν του καταστήματος Flying Tiger
κατεβαίνοντας την οδό Πανεπιστημίου δεξιά"
Βικτώρια,Χέυδεν 16,37.993.065,23.730.421,Κηφισιά,"Δεξιά της οδού 3ης Σεπτεμβρίου,
Χέυδεν 16"
Βικτώρια,Πλατεία Βικτωρίας,37.993.167,23.730.115,Πειραιά,"Αριστερά της οδού 3ης Σεπτεμβρίου
επί της πλατείας Βικτωρίας

"
Αττική,"Αδμήτου 54

",37.999.349,23.723.350,Κηφισιά,-
Αττική,Ευαλκίδου 5,37.999.500,23.722.075,Πειραιά,-
Άγιος Νικόλαος,"Λεωφόρος Ιωνίας (έναντι αρ.106)

",38.006.818,23.727.738,Κηφισιά,-
Άγιος Νικόλαος,"Λεωφόρος Ιωνίας (έναντι αρ. 89)

",38.006.860,23.727.540,Πειραιά,-
Κάτω Πατήσια,Αχαρνών 309 ,38.011.660,23.728.810,Κηφισιά,Κατεύθυνση προς Αθήνα.
Κάτω Πατήσια,Ψαρουδάκη & Λεωφόρος Ιωνίας,38.011.770,23.728.500,Πειραιά,-
Άγιος Ελευθέριος,"Λεωφόρος Ιωνίας 264

",38.019.980,23.731.820,Κηφισιά,-
Άγιος Ελευθέριος,"Λεωφόρος Ιωνίας 233  & Τούντα 15

",38.020.056,23.731.639,Πειραιά,-
Άνω Πατήσια,Αγίας Λαύρας 94 & Πατησίων,38.023.530,23.735.980,Κηφισιά,Μέσω υπόγειας διάβασης
Άνω Πατήσια,"Λεωφόρος Ιωνίας 279

",38.023.760,23.735.730,Πειραιά,Μέσω υπόγειας διάβασης
Περισσός,Αβέρωφ 16 ,38.032.670,23.744.760,Κηφισιά,"Απευθείας στην αποβάθρα προςΚηφισιά
Αβέρωφ 16 για μετεπιβίβαση
στην αποβάθρα καθόδου προς Πειραιά

"
Περισσός,Λεωφόρος Ηρακλείου 141,38.033.050,23.744.730,Πειραιά,-
Πευκάκια,Γυμνασίου 2,38.037.060,23.750.210,Κηφισιά,"Απευθείας στην αποβάθρα προςΚηφισιά
Γυμνασίου 2 για μετεπιβίβαση
στην αποβάθρα καθόδου προς Πειραιά"
Πευκάκια,"Λεωφόρος Ηρακλείου

",38.037.160,23.749.990,Πειραιά,Κατεύθυνση προς Νέα Ιωνία
Νέα Ιωνία,Διονυσίου Σολωμού 1,38.041.380,23.754.750,Κηφισιά,"Απευθείας στην αποβάθρα προςΚηφισιά
Διονυσίου Σολωμού 1 για μετεπιβίβαση
στην αποβάθρα καθόδου προς Πειραιά

"
Νέα Ιωνία,Κάλβου,38.041.570,23.754.680,Πειραιά,-
Ηράκλειο,Μαρίνου Αντύπα & Στέλιου Καραγιώργη,38.046.065,23.766.179,Κηφισιά,-
Ηράκλειο,Πλατεία 28ης Οκτωβρίου ,38.046.150,23.766.510,Πειραιά,"Απευθείας στην αποβάθρα προς Πειραιά
Επί της Πλατείας 28ης Οκτωβρίου για μετεπιβίβαση
στην αποβάθρα Ανόδου προςΚηφισιά

"
Ειρήνη,Oδού Νερατζιωτίσσης,38.042.560,23.783.900,Κηφισιά,"Επί της οδού Νερατζιωτίσσης υπάρχει
ράμπα πρόσβασης που οδηγεί στο
επίπεδο διακίνησης επιβατών και στους
λοιπούς ανελκυστήρες.


"
Ειρήνη,Προέκταση οδού Κηφισίας,38.043.560,23.783.460,Πειραιά,"Προέκταση οδού Κηφισίας που ξεκινά από
σταθμό Ηράκλειο και συνεχίζει εντός της σχολής
ΑΣΠΑΙΤΕ

"
Νερατζιώτισσα,Νερατζιωτίσσης 98,38.045.000,23.793.300,Κηφισιά,Απευθείας στην αποβάθρα προςΚηφισιά
Νερατζιώτισσα,Ανδρέα Παπανδρέου 112,38.044.880,23.792.400,Πειραιά,-
Μαρούσι,Οδός Ερμού προέκταση Όθωνος,38.056.120,23.805.010,Κηφισιά,-
Μαρούσι,Οδό Περικλέους ,38.056.120,23.805.010,Κηφισιά,-
Μαρούσι,Πλατεία Ευτέρπης,38.056.120,23.805.010,Κηφισιά,-
Μαρούσι,Οδός Ερμού προέκταση Όθωνος,38.056.330,23.804.840,Πειραιά,-
Μαρούσι,Οδό Περικλέους ,38.056.330,23.804.840,Πειραιά,-
Μαρούσι,Πλατεία Ευτέρπης,38.056.330,23.804.840,Πειραιά,-
ΚΑΤ,Θεσσαλονίκης,38.065.300,23.803.970,Κηφισιά,"Απευθείας στην αποβάθρα προςΚηφισιά
Θεσσαλονίκης για μετεπιβίβαση
στην αποβάθρα καθόδου προς Πειραιά
"
ΚΑΤ,Ηροδότου,38.065.330,23.803.850,Πειραιά,-
Κηφισιά,Οδός Δραγούμη ,38.073.670,23.808.390,Πειραιά,"Απευθείας στην αποβάθρα προς Πειραιά
Από τις οδούς Δραγούμη και Αδριανού

"
Κηφισιά,Οδός Αδριανού,38.073.670,23.808.390,Πειραιά,"Απευθείας στην αποβάθρα προς Πειραιά
Από τις οδούς Δραγούμη και Αδριανού

"
Κηφισιά,Τατοϊου 5,38.073.740,23.807.970,Πειραιά,Μέσω υπόγειας διάβασης