X,Y,FID,geocode,uploadadd,shmeio
23.7079129736683,38.0318377785568,"1","2",ΠΡΩΤΕΣΙΛΑΟΥ 77 -ΙΛΙΟΝ,ΕΚΔΟΤΗΡΙΟ ΟΣΥ
23.7624811356021,37.9874707413337,"2","3",Λ.ΚΗΦΙΣΙΑΣ & ΑΙΤΩΛΙΑΣ,ΕΚΔΟΤΗΡΙΟ ΟΣΥ
23.7302702444595,37.9836056510023,"3","4",ΠΑΝΕΠΙΣΤΗΜΙΟΥ - 58 ΧΑΥΤΕΙΑ,ΕΚΔΟΤΗΡΙΟ ΟΣΥ
23.6423718905389,37.9476262628285,"4","6",ΑΚΤΗ ΠΟΣΕΙΔΩΝΟΣ 38(ΕΝΑΝΤΙ ΣΤ. ΗΣΑΠ),ΕΚΔΟΤΗΡΙΟ ΟΣΥ
23.728665853362,38.0118906561888,"5","7",ΑΧΑΡΝΩΝ & ΣΤΡΑΤΗΓΟΥ ΚΑΛΛΑΡΗ - ΕΙΣΟΔΟΣ ΗΣΑΠ ΑΠΟ ΑΧΑΡΝΩΝ),ΕΚΔΟΤΗΡΙΟ ΟΣΥ
23.6471931486688,37.9432667177163,"6","8",ΔΗΜΟΤΙΚΟ ΘΕΑΤΡΟ - ΠΛΑΤΕΙΑ ΚΟΡΑΗ,ΕΚΔΟΤΗΡΙΟ ΟΣΥ
23.7434961403876,37.9963131662274,"7","9",ΕΥΕΛΠΙΔΩΝ 95  (ΕΝΑΝΤΙ ΔΙΚΑΣΤΗΡΙΩΝ),ΕΚΔΟΤΗΡΙΟ ΟΣΥ
23.7981855748848,38.0228687205405,"8","10",ΚΟΛΟΚΟΤΡΩΝΗ & ΑΡΙΣΤΟΤΕΛΟΥΣ 2 - ΧΑΛΑΝΔΡΙ,ΕΚΔΟΤΗΡΙΟ ΟΣΥ
23.6986800891781,37.9983901673215,"9","11",ΚΤΕΛ ΚΗΦΙΣΟΥ,ΕΚΔΟΤΗΡΙΟ ΟΣΥ
23.5591187249526,37.9637119783626,"10","12",ΛΕΩΦΟΡΟΣ ΔΗΜΟΚΡΑΤΙΑΣ - ΠΕΡΑΜΑ- ΕΝΑΝΤΙ ΑΦ. Λ/Φ,ΕΚΔΟΤΗΡΙΟ ΟΣΥ
23.7177656957045,38.0266362124577,"11","13",ΛΕΩΦΟΡΟΣ ΔΗΜΟΚΡΑΤΙΑΣ - ΠΛΑΤΕΙΑ ΑΓ. ΑΝΑΡΓΥΡΩΝ,ΕΚΔΟΤΗΡΙΟ ΟΣΥ
23.7358487823739,38.0222240382575,"12","15",ΠΑΤΗΣΙΩΝ 343- ΠΑΤΗΣΙΑ,ΕΚΔΟΤΗΡΙΟ ΟΣΥ
23.6998892215506,38.0068320686818,"13","16",ΠΛΑΤΕΙΑ ΑΓ. ΑΝΤΩΝΙΟΥ -ΣΤ. ΜΕΤΡΟ,ΕΚΔΟΤΗΡΙΟ ΟΣΥ
23.7336901307461,38.002068311235,"14","17",ΠΛΑΤΕΙΑ ΑΜΕΡΙΚΗΣ - ΠΑΤΗΣΙΩΝ,ΕΚΔΟΤΗΡΙΟ ΟΣΥ
23.7023829447793,37.9556376869847,"15","18",ΠΛΑΤΕΙΑ ΔΑΒΑΚΗ - ΚΑΛΛΙΘΕΑ,ΕΚΔΟΤΗΡΙΟ ΟΣΥ
23.7510491752964,37.9643592997757,"16","19",ΠΛΑΤΕΙΑ ΕΥΑΓΓΕΛΟΥ ΜΑΡΤΑΚΗ (Ν. ΠΑΓΚΡΑΤΙ),ΕΚΔΟΤΗΡΙΟ ΟΣΥ
23.7311290338711,37.9852511182667,"17","20",ΠΛΑΤΕΙΑ ΚΑΝΙΓΓΟΣ ΚΑΙ ΒΕΡΑΝΖΕΡΟΥ 3,ΕΚΔΟΤΗΡΙΟ ΟΣΥ
23.7416752553067,38.0023280961798,"18","21",ΠΛΑΤΕΙΑ ΚΥΨΕΛΗΣ,ΕΚΔΟΤΗΡΙΟ ΟΣΥ
23.7345084959699,37.9809943518237,"19","23",ΑΚΑΔΗΜΙΑΣ & ΓΡ. ΠΑΤΡΙΑΡΧΟΥ (ΠΕΖΟΔΡΟΜΟΣ),ΕΚΔΟΤΗΡΙΟ ΟΣΥ
23.6423305680359,37.9457228013491,"20","24",ΑΚΤΗ ΠΟΣΕΙΔΩΝΟΣ 30 - ΠΛΑΤΕΙΑ ΚΑΡΑΙΣΚΑΚΗ,ΕΚΔΟΤΗΡΙΟ ΟΣΥ
23.68207113789,37.991473681248,"21","25",ΙΕΡΑ ΟΔΟΣ 213 - ΜΕΤΡΟ ΑΙΓΑΛΕΩ,ΕΚΔΟΤΗΡΙΟ ΟΣΥ
23.7353367426619,37.9748325069985,"22","26",ΟΘΩΝΟΣ ΚΑΙ ΑΜΑΛΙΑΣ,ΕΚΔΟΤΗΡΙΟ ΟΣΥ
23.7467345669868,37.8643762355743,"23","27",ΠΛΑΤΕΙΑ ΓΛΥΦΑΔΑΣ,ΕΚΔΟΤΗΡΙΟ ΟΣΥ
23.7370345585489,37.9491280286739,"24","28",ΠΛΑΤΕΙΑ ΚΑΛΟΓΗΡΩΝ - ΜΕΤΡΟ ΔΑΦΝΗ,ΕΚΔΟΤΗΡΙΟ ΟΣΥ
23.9471909276922,37.9369876398373,"25","29",ΑΕΡΟΔΡΟΜΙΟ ΕΛ. ΒΕΝΙΖΕΛΟΣ - ΧΩΡΟΣ ΑΦΙΞΕΩΝ,ΕΚΔΟΤΗΡΙΟ ΟΣΥ
23.5396270799178,38.0357845237609,"26","30","ΚΑΝΕΛΛΟΠΟΥΛΟΥ 19, ΕΛΕΥΣΙΝΑ",ΕΚΔΟΤΗΡΙΟ ΟΣΥ
23.8222047289516,38.012315315346,"27","31",ΜΕΣΟΓΕΙΩΝ ΚΑΙ ΑΓ.ΙΩΑΝΝΟΥ 7 (ΠΛ. ΑΓ. ΠΑΡΑΣΚ.),ΕΚΔΟΤΗΡΙΟ ΟΣΥ
23.7377828551806,38.033493484583,"28","32",ΔΕΚΕΛΕΙΑΣ 83,ΕΚΔΟΤΗΡΙΟ ΟΣΥ
23.8115803540863,38.0718925284553,"29","33",Λ.ΚΗΦΙΣΙΑΣ 269,ΕΚΔΟΤΗΡΙΟ ΟΣΥ
23.7210741908959,37.9857962950654,"30","40",ΣΤ.ΜΕΤΡΟ ΜΕΤΑΞΟΥΡΓΕΙΟΥ,ΣΤΑΘΜΟΣ ΜΕΤΡΟ
23.6429863381933,37.9479726634287,"31","41",ΣΤ.ΜΕΤΡΟ ΠΕΙΡΑΙΑ,ΣΤΑΘΜΟΣ ΜΕΤΡΟ
23.6639233725203,37.9444689125493,"32","42",ΣΤ.ΜΕΤΡΟ Ν.ΦΑΛΗΡΟΥ,ΣΤΑΘΜΟΣ ΜΕΤΡΟ
23.6801855741087,37.9553161134921,"33","43",ΣΤ.ΜΕΤΡΟ ΜΟΣΧΑΤΟΥ,ΣΤΑΘΜΟΣ ΜΕΤΡΟ
23.6972050554816,37.9605078658131,"34","44",ΣΤ.ΜΕΤΡΟ ΚΑΛΛΙΘΕΑΣ,ΣΤΑΘΜΟΣ ΜΕΤΡΟ
23.7032911415315,37.9623840309075,"35","45",ΣΤ.ΜΕΤΡΟ ΕΛ.ΒΕΝΙΖΕΛΟΥ,ΣΤΑΘΜΟΣ ΜΕΤΡΟ
23.7089253749935,37.9681928270145,"36","46",ΣΤ.ΜΕΤΡΟ ΚΑΤΩ ΠΕΤΡΑΛΩΝΩΝ,ΣΤΑΘΜΟΣ ΜΕΤΡΟ
23.7205280152032,37.9767005168979,"37","47",ΣΤ.ΜΕΤΡΟ ΘΗΣΕΙΟΥ,ΣΤΑΘΜΟΣ ΜΕΤΡΟ
23.7258658046214,37.9766750250434,"38","48",ΣΤ.ΜΕΤΡΟ ΜΟΝΑΣΤΗΡΑΚΙ,ΣΤΑΘΜΟΣ ΜΕΤΡΟ
23.7281232709304,37.9841345552185,"39","49",ΣΤ.ΜΕΤΡΟ ΟΜΟΝΟΙΑΣ,ΣΤΑΘΜΟΣ ΜΕΤΡΟ
23.7302397017398,37.993123219749,"40","50",ΣΤ.ΜΕΤΡΟ ΒΙΚΤΩΡΙΑΣ,ΣΤΑΘΜΟΣ ΜΕΤΡΟ
23.7224333419208,37.998644302135,"41","51",ΣΤ.ΜΕΤΡΟ ΑΤΤΙΚΗΣ,ΣΤΑΘΜΟΣ ΜΕΤΡΟ
23.7277567582945,38.0069389488427,"42","52",ΣΤ.ΜΕΤΡΟ ΑΓ.ΝΙΚΟΛΑΟΥ,ΣΤΑΘΜΟΣ ΜΕΤΡΟ
23.7288293467437,38.0120980317179,"43","53",ΣΤ.ΜΕΤΡΟ ΚΑΤΩ ΠΑΤΗΣΙΩΝ,ΣΤΑΘΜΟΣ ΜΕΤΡΟ
23.7320354339928,38.0205475547035,"44","54",ΣΤ.ΜΕΤΡΟ ΑΓ.ΕΛΕΥΘΕΡΙΟΥ,ΣΤΑΘΜΟΣ ΜΕΤΡΟ
23.7359772414595,38.0237830132399,"45","55",ΣΤ.ΜΕΤΡΟ ΑΝΩ ΠΑΤΗΣΙΩΝ,ΣΤΑΘΜΟΣ ΜΕΤΡΟ
23.7446998828683,38.032720118862,"46","56",ΣΤ.ΜΕΤΡΟ ΠΕΡΙΣΣΟΥ,ΣΤΑΘΜΟΣ ΜΕΤΡΟ
23.7500215026114,38.0370403903684,"47","57",ΣΤ.ΜΕΤΡΟ ΠΕΥΚΑΚΙΩΝ,ΣΤΑΘΜΟΣ ΜΕΤΡΟ
23.7550547631483,38.041553549555,"48","58",ΣΤ.ΜΕΤΡΟ Ν.ΙΩΝΙΑΣ,ΣΤΑΘΜΟΣ ΜΕΤΡΟ
23.7661480585919,38.0462546086531,"49","59",ΣΤ.ΜΕΤΡΟ Ν.ΗΡΑΚΛΕΙΟΥ,ΣΤΑΘΜΟΣ ΜΕΤΡΟ
23.7827255688451,38.0437346804211,"50","60",ΣΤ.ΜΕΤΡΟ ΕΙΡΗΝΗΣ,ΣΤΑΘΜΟΣ ΜΕΤΡΟ
23.8051448233908,38.0562931359818,"51","61",ΣΤ.ΜΕΤΡΟ ΑΜΑΡΟΥΣΙΟΥ,ΣΤΑΘΜΟΣ ΜΕΤΡΟ
23.8040264208621,38.0657807579823,"52","62",ΣΤ.ΜΕΤΡΟ ΚΑΤ,ΣΤΑΘΜΟΣ ΜΕΤΡΟ
23.808208976825,38.0736024880626,"53","63",ΣΤ.ΜΕΤΡΟ ΚΗΦΙΣΙΑΣ,ΣΤΑΘΜΟΣ ΜΕΤΡΟ
23.7211020386697,37.9919133258218,"54","64",ΣΤ.ΜΕΤΡΟ ΛΑΡΙΣΗΣ,ΣΤΑΘΜΟΣ ΜΕΤΡΟ
23.7634279599116,37.9931649886974,"55","65",ΣΤ.ΜΕΤΡΟ ΠΑΝΟΡΜΟΥ,ΣΤΑΘΜΟΣ ΜΕΤΡΟ
23.7572403642346,37.9872809962769,"56","66",ΣΤ.ΜΕΤΡΟ ΑΜΠΕΛΟΚΗΠΩΝ,ΣΤΑΘΜΟΣ ΜΕΤΡΟ
23.7328088834524,37.98051215762,"57","67",ΣΤ.ΜΕΤΡΟ ΠΑΝΕΠΙΣΤΗΜΙΟ,ΣΤΑΘΜΟΣ ΜΕΤΡΟ
23.7135957161556,38.0027867877861,"58","68",ΣΤ.ΜΕΤΡΟ ΣΕΠΟΛΙΩΝ,ΣΤΑΘΜΟΣ ΜΕΤΡΟ
23.7471909111511,37.97620059169,"59","69",ΣΤ.ΜΕΤΡΟ ΕΥΑΓΓΕΛΙΣΜΟΥ,ΣΤΑΘΜΟΣ ΜΕΤΡΟ
23.7527999917852,37.9786909785381,"60","70",ΣΤ.ΜΕΤΡΟ ΜΕΓ.ΜΟΥΣΙΚΗΣ,ΣΤΑΘΜΟΣ ΜΕΤΡΟ
23.7761588841182,37.9931713602298,"61","71",ΣΤ.ΜΕΤΡΟ ΚΑΤΕΧΑΚΗ,ΣΤΑΘΜΟΣ ΜΕΤΡΟ
23.7296153726173,37.9687487532901,"62","72",ΣΤ.ΜΕΤΡΟ ΑΚΡΟΠΟΛΗ,ΣΤΑΘΜΟΣ ΜΕΤΡΟ
23.726676983323,37.9645228997984,"63","73",ΣΤ.ΜΕΤΡΟ ΣΥΓΓΡΟΥ-ΦΙΞ,ΣΤΑΘΜΟΣ ΜΕΤΡΟ
23.7286092594991,37.9577059233786,"64","74",ΣΤ.ΜΕΤΡΟ ΝΕΟΣ ΚΟΣΜΟΣ,ΣΤΑΘΜΟΣ ΜΕΤΡΟ
23.734186000783,37.9564692383435,"65","75",ΣΤ.ΜΕΤΡΟ ΑΓ.ΙΩΑΝΝΗΣ,ΣΤΑΘΜΟΣ ΜΕΤΡΟ
23.7378053130627,37.9494992151232,"66","76",ΣΤ.ΜΕΤΡΟ ΔΑΦΝΗΣ,ΣΤΑΘΜΟΣ ΜΕΤΡΟ
23.7356888822533,37.9750909721573,"67","77",ΣΤ.ΜΕΤΡΟ ΣΥΝΤΑΓΜΑΤΟΣ,ΣΤΑΘΜΟΣ ΜΕΤΡΟ
23.7928738366098,38.0448100113306,"68","78",ΣΤ.ΜΕΤΡΟ ΝΕΡΑΤΖΙΩΤΙΣΣΑ,ΣΤΑΘΜΟΣ ΜΕΤΡΟ
23.6996691343059,38.0063960526362,"69","79",ΣΤ.ΜΕΤΡΟ ΑΓ.ΑΝΤΩΝΙΟΣ,ΣΤΑΘΜΟΣ ΜΕΤΡΟ
23.740775143392,37.9413921896546,"70","80",ΣΤ.ΜΕΤΡΟ ΑΓ.ΔΗΜΗΤΡΙΟΣ-ΑΛ.ΠΑΝΑΓΟΥΛΗΣ,ΣΤΑΘΜΟΣ ΜΕΤΡΟ
23.7857690610277,37.99999495372,"71","81",ΣΤ.ΜΕΤΡΟ ΕΘΝ.ΑΜΥΝΑΣ,ΣΤΑΘΜΟΣ ΜΕΤΡΟ
23.8203200634855,38.0216027035327,"72","82",ΣΤ.ΜΕΤΡΟ ΧΑΛΑΝΔΡΙ,ΣΤΑΘΜΟΣ ΜΕΤΡΟ
23.8698810160256,37.9834810357993,"73","83",ΣΤ.ΜΕΤΡΟ ΚΑΝΤΖΑ,ΣΤΑΘΜΟΣ ΜΕΤΡΟ
23.8957408181096,37.9128475513589,"74","84",ΣΤ.ΜΕΤΡΟ ΚΟΡΩΠΙ,ΣΤΑΘΜΟΣ ΜΕΤΡΟ
23.7116319989446,37.9786676116389,"75","85",ΣΤ.ΜΕΤΡΟ ΚΕΡΑΜΕΙΚΟΥ,ΣΤΑΘΜΟΣ ΜΕΤΡΟ
23.6933692492184,37.9878353619872,"76","86",ΣΤ.ΜΕΤΡΟ ΕΛΑΙΩΝΑΣ,ΣΤΑΘΜΟΣ ΜΕΤΡΟ
23.6820953924027,37.9915982828763,"77","87",ΣΤ.ΜΕΤΡΟ ΑΙΓΑΛΕΩ,ΣΤΑΘΜΟΣ ΜΕΤΡΟ
23.8057053721281,38.0091586234554,"78","88",ΣΤ.ΜΕΤΡΟ ΝΟΜΙΣΜΑΤΟΚΟΠΕΙΟ,ΣΤΑΘΜΟΣ ΜΕΤΡΟ
23.794853723496,38.0049428830355,"79","89",ΣΤ.ΜΕΤΡΟ ΧΟΛΑΡΓΟΣ,ΣΤΑΘΜΟΣ ΜΕΤΡΟ
23.8123250574568,38.0173169073154,"80","90",ΣΤ.ΜΕΤΡΟ ΑΓ.ΠΑΡΑΣΚΕΥΗ,ΣΤΑΘΜΟΣ ΜΕΤΡΟ
23.695748886406,38.0129480529264,"81","91",ΣΤ.ΜΕΤΡΟ ΠΕΡΙΣΤΕΡΙ,ΣΤΑΘΜΟΣ ΜΕΤΡΟ
23.6910120699129,38.0170975153628,"82","92",ΣΤ.ΜΕΤΡΟ ΑΝΘΟΥΠΟΛΗ,ΣΤΑΘΜΟΣ ΜΕΤΡΟ
23.7444375748053,37.9298046181446,"83","93",ΣΤ.ΜΕΤΡΟ ΗΛΙΟΥΠΟΛΗ,ΣΤΑΘΜΟΣ ΜΕΤΡΟ
23.7443989472481,37.9182393148387,"84","94",ΣΤ.ΜΕΤΡΟ ΑΛΙΜΟΣ,ΣΤΑΘΜΟΣ ΜΕΤΡΟ
23.745916201763,37.9030601508377,"85","95",ΣΤ.ΜΕΤΡΟ ΑΡΓΥΡΟΥΠΟΛΗ,ΣΤΑΘΜΟΣ ΜΕΤΡΟ
23.7474693888892,37.8926199562792,"86","96",ΣΤ.ΜΕΤΡΟ ΕΛΛΗΝΙΚΟ,ΣΤΑΘΜΟΣ ΜΕΤΡΟ
23.6673836829947,37.9972532748952,"87","97",ΣΤ.ΜΕΤΡΟ ΑΓ.ΜΑΡΙΝΑ,ΣΤΑΘΜΟΣ ΜΕΤΡΟ
23.833604349907,38.0239004834563,"88","98",ΣΤ.ΜΕΤΡΟ ΔΟΥΚ.ΠΛΑΚΕΝΤΙΑΣ,ΣΤΑΘΜΟΣ ΜΕΤΡΟ
23.8693016026674,38.0054574768307,"89","99",ΣΤ.ΜΕΤΡΟ ΠΑΛΛΗΝΗ,ΣΤΑΘΜΟΣ ΜΕΤΡΟ
23.9447106791928,37.9368055577038,"90","100",ΣΤ.ΜΕΤΡΟ ΑΕΡΟΔΡΟΜΙΟΥ,ΣΤΑΘΜΟΣ ΜΕΤΡΟ
23.8017051741679,37.8178351895799,"91","101",ΠΛΑΤΕΙΑ ΒΑΡΚΙΖΑΣ (ΑΥΤΟΜΑΤΟ ΜΗΧ/ΜΑ),ΑΜΕΚ ΟΣΥ
23.906824232085,37.74891860164,"92","102",ΣΑΡΩΝΙΔΑ ΤΕΡΜΑ ΛΕΩΦΟΡΕΙΩΝ (ΑΥΤΟΜΑΤΟ ΜΗΧ/ΜΑ),ΑΜΕΚ ΟΣΥ
23.5594537965536,37.9638082978839,"93","103",ΠΕΡΑΜΑ ΤΕΡΜΑ ΛΕΩΦΟΡΕΙΩΝ (ΑΥΤΟΜΑΤΟ ΜΗΧ/ΜΑ),ΑΜΕΚ ΟΣΥ
23.7981864732,38.0229543475082,"94","105",ΓΥΦΤΟΠΟΥΛΟΥ ΚΑΙ ΚΟΛΟΚΟΤΡΩΝΗ (ΑΥΤΟΜΑΤΟ ΜΗΧ/ΜΑ),ΑΜΕΚ ΟΣΥ
23.738078400909,38.0339894815391,"95","106",ΠΛΑΤΕΙΑ ΕΛ. ΒΕΝΙΖΕΛΟΥ-ΦΙΛΑΔΕΛΦΕΙΑ (ΑΥΤΟΜΑΤΟ ΜΗΧ/ΜΑ),ΑΜΕΚ ΟΣΥ
23.7212116331344,37.9915451856174,"96","107",ΠΛΑΤΕΙΑ ΣΤΑΘΜΟΥ ΛΑΡΙΣΣΗΣ (ΑΥΤΟΜΑΤΟ ΜΗΧ/ΜΑ),ΑΜΕΚ ΟΣΥ
23.7705965158789,37.9774978409906,"97","108",ΠΛΑΤΕΙΑ ΓΑΡΔΕΝΙΑΣ-ΖΩΓΡΑΦΟΥ (ΑΥΤΟΜΑΤΟ ΜΗΧ/ΜΑ),ΑΜΕΚ ΟΣΥ
23.8209506808149,38.013483115343,"98","109",ΠΛΑΤΕΙΑ ΑΓ.ΠΑΡΑΣΚΕΥΗΣ (ΑΥΤΟΜΑΤΟ ΜΗΧ/ΜΑ),ΑΜΕΚ ΟΣΥ
23.7436749051291,37.9961475133008,"99","110",ΔΙΚΑΣΤΗΡΙΑ ΕΥΕΛΠΙΔΩΝ (ΑΥΤΟΜΑΤΟ ΜΗΧ/ΜΑ),ΑΜΕΚ ΟΣΥ
23.8117258811623,38.0726322429351,"100","111",ΠΛΑΤΑΝΟΣ ΚΗΦΙΣΙΑΣ (ΑΥΤΟΜΑΤΟ ΜΗΧ/ΜΑ),ΑΜΕΚ ΟΣΥ
23.9146611346237,37.9618634689533,"101","112",ΠΑΛΙΟ ΔΗΜΑΡΧΕΙΟ-ΣΠΑΤΑ (ΑΥΤΟΜΑΤΟ ΜΗΧ/ΜΑ),ΑΜΕΚ ΟΣΥ
23.6986800891781,37.9983901673215,"102","113",ΚΤΕΛ ΚΗΦΙΣΟΥ (ΑΥΤΟΜΑΤΟ ΜΗΧ/ΜΑ),ΑΜΕΚ ΟΣΥ
23.7225806656274,38.0103654017636,"103","114",ΚΤΕΛ ΛΙΟΣΙΩΝ (ΑΥΤΟΜΑΤΟ ΜΗΧ/ΜΑ),ΑΜΕΚ ΟΣΥ
23.7612890712201,38.0616156637526,"104","115",ΠΛΑΤΕΙΑ ΜΕΤΑΜΟΡΦΩΣΗΣ (ΗΡΩΩΝ ΠΟΛ/ΧΝΕΙΟΥ) (ΑΥΤΟΜΑΤΟ ΜΗΧ/ΜΑ),ΑΜΕΚ ΟΣΥ
23.5403403422534,38.0438202829997,"105","116",ΠΛΑΤΕΙΑ ΕΥΜΟΛΠΙΔΩΝ ΕΛΕΥΣΙΝΑ (ΗΡΩΩΝ) (ΑΥΤΟΜΑΤΟ ΜΗΧ/ΜΑ),ΑΜΕΚ ΟΣΥ
23.9470651635525,37.9367828859669,"106","117",ΑΕΡΟΔΡΟΜΙΟ (ΑΥΤΟΜΑΤΟ ΜΗΧ/ΜΑ),ΑΜΕΚ ΟΣΥ
23.7189990825896,38.027532060125,"107","118",ΠΛΑΤΕΙΑ ΑΓ.ΑΝΑΡΓΥΡΩΝ (ΑΥΤΟΜΑΤΟ ΜΗΧ/ΜΑ),ΑΜΕΚ ΟΣΥ
23.6663605018861,38.0108289975329,"108","119",ΔΗΜΑΡΧΕΙΟ ΧΑΙΔΑΡΙΟΥ (ΑΥΤΟΜΑΤΟ ΜΗΧ/ΜΑ),ΑΜΕΚ ΟΣΥ
23.7414848124664,38.0022650966455,"109","120",ΠΛΑΤΕΙΑ ΚΥΨΕΛΗΣ-ΑΘΗΝΑ (ΑΥΤΟΜΑΤΟ ΜΗΧ/ΜΑ),ΑΜΕΚ ΟΣΥ
23.6464673099192,37.9425037353073,"110","121",ΠΛΑΤΕΙΑ ΚΟΡΑΗ-ΠΕΙΡΑΙΑΣ (ΑΥΤΟΜΑΤΟ ΜΗΧ/ΜΑ),ΑΜΕΚ ΟΣΥ
23.6298242226504,37.9386348604298,"111","122",ΟΛΠ 2 (ΧΑΤΖΗΚΥΡΙΑΚΟΥ) (ΑΥΤΟΜΑΤΟ ΜΗΧ/ΜΑ),ΑΜΕΚ ΟΣΥ
23.6413460144845,37.945574036,"112","123",ΟΛΠ 1 (Ε8) (ΑΥΤΟΜΑΤΟ ΜΗΧ/ΜΑ),ΑΜΕΚ ΟΣΥ
23.7470777234254,37.9676595587461,"113","124",ΠΛΑΤΕΙΑ ΠΑΓΚΡΑΤΙΟΥ (ΑΥΤΟΜΑΤΟ ΜΗΧ/ΜΑ),ΑΜΕΚ ΟΣΥ
23.6366451306027,37.9488475124794,"114","125",ΟΛΠ3. ΠΥΛΗ Ε3. ΑΚΤΗ ΒΑΣΙΛΕΙΑΔΗ & ΗΕΤΙΩΝΕΙΑ (ΑΥΤΟΜΑΤΟ ΜΗΧ/ΜΑ),ΑΜΕΚ ΟΣΥ
23.6472596239998,37.965575313741,"115","126",ΣΤ.ΜΕΤΡΟ ΝΙΚΑΙΑ,ΣΤΑΘΜΟΣ ΜΕΤΡΟ
23.6503156925964,37.9771430824062,"116","127",ΣΤ.ΜΕΤΡΟ ΚΟΡΥΔΑΛΛΟΣ,ΣΤΑΘΜΟΣ ΜΕΤΡΟ
23.6594156264245,37.9899472941261,"117","128",ΣΤ.ΜΕΤΡΟ ΑΓ.ΒΑΡΒΑΡΑ,ΣΤΑΘΜΟΣ ΜΕΤΡΟ
23.7235086253159,37.9602968030938,"118","129",ΚΑΣΟΜΟΥΛΗ (ΑΥΤΟΜΑΤΟ ΜΗΧ/ΜΑ),ΑΜΕΚ ΤΡΑΜ
23.7273084989677,37.9578001259098,"119","130",ΝΕΟΣ ΚΟΣΜΟΣ (ΑΥΤΟΜΑΤΟ ΜΗΧ/ΜΑ),ΑΜΕΚ ΤΡΑΜ
23.723701763102,37.9544030920924,"120","131",ΜΠΑΚΝΑΝΑ (ΑΥΤΟΜΑΤΟ ΜΗΧ/ΜΑ),ΑΜΕΚ ΤΡΑΜ
23.7189029628542,37.9501013265585,"121","132",ΑΙΓΑΙΟΥ (ΑΥΤΟΜΑΤΟ ΜΗΧ/ΜΑ),ΑΜΕΚ ΤΡΑΜ
23.7150015795753,37.9464956679108,"122","133",ΑΓΙΑΣ ΦΩΤΕΙΝΗΣ (ΑΥΤΟΜΑΤΟ ΜΗΧ/ΜΑ),ΑΜΕΚ ΤΡΑΜ
23.7138993467217,37.9429960971927,"123","134",ΜΕΓΑΛΟΥ ΑΛΕΞΑΝΔΡΟΥ (ΑΥΤΟΜΑΤΟ ΜΗΧ/ΜΑ),ΑΜΕΚ ΤΡΑΜ
23.7128986234952,37.939902309552,"124","135",ΑΓΙΑ ΠΑΡΑΣΚΕΥΗ (ΑΥΤΟΜΑΤΟ ΜΗΧ/ΜΑ),ΑΜΕΚ ΤΡΑΜ
23.712000308211,37.9368990785447,"125","136",ΜΗΔΕΙΑΣ-ΜΥΚΑΛΗΣ (ΑΥΤΟΜΑΤΟ ΜΗΧ/ΜΑ),ΑΜΕΚ ΤΡΑΜ
23.710808243829,37.9331014699297,"126","137",ΕΥΑΓΓΕΛΙΚΗ ΣΧΟΛΗ (ΑΥΤΟΜΑΤΟ ΜΗΧ/ΜΑ),ΑΜΕΚ ΤΡΑΜ
23.7098991487615,37.9298995650089,"127","138",ΑΧΙΛΛΕΩΣ (ΑΥΤΟΜΑΤΟ ΜΗΧ/ΜΑ),ΑΜΕΚ ΤΡΑΜ
23.706002257059,37.9284030747941,"128","139",ΑΜΦΙΘΕΑΣ (ΑΥΤΟΜΑΤΟ ΜΗΧ/ΜΑ),ΑΜΕΚ ΤΡΑΜ
23.7019975675224,37.9254992867205,"129","140",ΠΑΝΑΓΙΤΣΑ (ΑΥΤΟΜΑΤΟ ΜΗΧ/ΜΑ),ΑΜΕΚ ΤΡΑΜ
23.6998038815986,37.9219965903498,"130","141",ΜΟΥΣΩΝ (ΑΥΤΟΜΑΤΟ ΜΗΧ/ΜΑ),ΑΜΕΚ ΤΡΑΜ
23.6965070645058,37.9215019618821,"131","142",ΜΠΑΤΗΣ (ΑΥΤΟΜΑΤΟ ΜΗΧ/ΜΑ),ΑΜΕΚ ΤΡΑΜ
23.6871017034811,37.9312018835036,"132","143",ΤΡΟΚΑΝΤΕΡΟ (ΑΥΤΟΜΑΤΟ ΜΗΧ/ΜΑ),ΑΜΕΚ ΤΡΑΜ
23.7008081980862,37.9185022311588,"133","144",ΕΔΕΜ (ΑΥΤΟΜΑΤΟ ΜΗΧ/ΜΑ),ΑΜΕΚ ΤΡΑΜ
23.7109070585103,37.9107943535097,"134","145",ΚΑΛΑΜΑΚΙ (ΑΥΤΟΜΑΤΟ ΜΗΧ/ΜΑ),ΑΜΕΚ ΤΡΑΜ
23.7169078046082,37.9065006672537,"135","146",ΖΕΦΥΡΟΣ (ΑΥΤΟΜΑΤΟ ΜΗΧ/ΜΑ),ΑΜΕΚ ΤΡΑΜ
23.7475062198159,37.8634975448512,"136","147",ΠΛΑΤΕΙΑ ΚΑΤΡΑΚΗ (ΑΥΤΟΜΑΤΟ ΜΗΧ/ΜΑ),ΑΜΕΚ ΤΡΑΜ
23.7512036855253,37.8628025278191,"137","148",ΑΓΓΕΛΟΥ ΜΕΤΑΞΑ (ΑΥΤΟΜΑΤΟ ΜΗΧ/ΜΑ),ΑΜΕΚ ΤΡΑΜ
23.7540998540013,37.8601947371144,"138","149",ΠΛΑΤΕΙΑ ΕΣΠΕΡΙΔΩΝ (ΑΥΤΟΜΑΤΟ ΜΗΧ/ΜΑ),ΑΜΕΚ ΤΡΑΜ
23.7523921566462,37.8496449027616,"139","150",ΑΣΚΛΗΠΙΕΙΟ ΒΟΥΛΑΣ (ΑΥΤΟΜΑΤΟ ΜΗΧ/ΜΑ),ΑΜΕΚ ΤΡΑΜ
23.6640069158417,37.9437697008585,"140","151",ΣΤΑΔΙΟ ΕΙΡΗΝΗΣ-ΦΙΛΙΑΣ ΣΕΦ (ΑΥΤΟΜΑΤΟ ΜΗΧ/ΜΑ),ΑΜΕΚ ΤΡΑΜ
23.7352684707003,37.9745096013021,"141","152",ΣΥΝΤΑΓΜΑ (ΑΥΤΟΜΑΤΟ ΜΗΧ/ΜΑ),ΑΜΕΚ ΤΡΑΜ
23.7330199875442,38.0823602772269,"142","153",ΑΡΧΑΙΟΥ ΘΕΤΡΑΟΥ 2-6   (ΠΛ. ΚΑΡΑΒΟΥ ),ΕΚΔΟΤΗΡΙΟ ΟΣΥ
23.6562975740734,37.9481419670134,"143","154",ΛΑΜΠΡΑΚΗ (ΑΥΤΟΜΑΤΟ ΜΗΧΑΝΗΜΑ),ΑΜΕΚ ΤΡΑΜ
23.653621492842,37.9450576053793,"144","155",ΕΥΑΓΓΕΛΙΣΤΡΙΑ (ΑΥΤΟΜΑΤΟ ΜΗΧΑΝΗΜΑ),ΑΜΕΚ ΤΡΑΜ
23.6509508015023,37.9419554032242,"145","156",ΔΕΛΛΗΓΙΑΝΝΗ (ΑΥΤΟΜΑΤΟ ΜΗΧΑΝΗΜΑ),ΑΜΕΚ ΤΡΑΜ
23.6452204483049,37.9449024629612,"146","157",ΑΓΙΑ ΤΡΙΑΔΑ (ΑΥΤΟΜΑΤΟ ΜΗΧΑΝΗΜΑ),ΑΜΕΚ ΤΡΑΜ
23.6473278959614,37.9473577835303,"147","158",ΠΛΑΤΕΙΑ ΙΠΠΟΔΑΜΕΙΑΣ (ΑΥΤΟΜΑΤΟ ΜΗΧΑΝΗΜΑ),ΑΜΕΚ ΤΡΑΜ
23.651139447712,37.9483976926087,"148","159",34ου ΣΥΝΤΑΓΜΑΤΟΣ ΠΕΖΙΚΟΥ (ΑΥΤΟΜΑΤΟ ΜΗΧΑΝΗΜΑ),ΑΜΕΚ ΤΡΑΜ
23.6430222708047,37.944896795652,"149","160",ΑΚΤΗ ΠΟΣΕΙΔΩΝΟΣ (ΑΥΤΟΜΑΤΟ ΜΗΧΑΝΗΜΑ),ΑΜΕΚ ΤΡΑΜ
23.7494870050174,38.0068483484515,"150","60001001","ΑΝΘΕΙΑΣ & ΚΡΙΣΣΗΣ,ΑΘΗΝΑ 11364",ΣΗΜΕΙΟ ΛΙΑΝΙΚΗΣ
23.7174234375813,37.9559713002876,"151","60001002","ΕΥΡΥΔΑΜΑΝΤΟΣ 28,ΑΘΗΝΑ 11745",ΣΗΜΕΙΟ ΛΙΑΝΙΚΗΣ
23.7448400200526,37.9625660496589,"152","60001003","ΦΙΛΟΛΑΟΥ 142,ΑΘΗΝΑ 11632",ΣΗΜΕΙΟ ΛΙΑΝΙΚΗΣ
23.7279822354308,37.9640172258231,"153","60001004","ΗΡΑΚΛΕΟΥΣ 11,ΑΘΗΝΑ 11743",ΣΗΜΕΙΟ ΛΙΑΝΙΚΗΣ
23.6584310728732,37.9865829001647,"154","60001005","ΛΕΩΦΟΡΟΣ ΕΛΕΥΘΕΡΙΟΥ ΒΕΝΙΖΕΛΟΥ 91,ΑΓΙΑ ΒΑΡΒΑΡΑ 12351",ΣΗΜΕΙΟ ΛΙΑΝΙΚΗΣ
23.7956136982263,38.0053647511179,"155","60001006","ΛΕΩΦΟΡΟΣ ΜΕΣΟΓΕΙΩΝ 242,ΧΟΛΑΡΓΟΣ 15561",ΣΗΜΕΙΟ ΛΙΑΝΙΚΗΣ
23.7958733113434,38.0055310910536,"156","60001007","ΛΕΩΦΟΡΟΣ ΜΕΣΟΓΕΙΩΝ 244,ΧΟΛΑΡΓΟΣ 15561",ΣΗΜΕΙΟ ΛΙΑΝΙΚΗΣ
23.723841001971,38.0314372901961,"157","60001009","ΣΟΦΟΚΛΗ ΒΕΝΙΖΕΛΟΥ 154, ΑΓΙΟΙ ΑΝΑΡΓΥΡΟΙ 135 62",ΣΗΜΕΙΟ ΛΙΑΝΙΚΗΣ
23.7368468106545,38.015854753712,"158","60001010","ΛΕΩΦΟΡΟΣ ΓΑΛΑΤΣΙΟΥ 12 (ΕΝΑΝΤΙ),ΓΑΛΑΤΣΙ 11141",ΣΗΜΕΙΟ ΛΙΑΝΙΚΗΣ
23.6451476847669,37.9451652839426,"159","60001012","ΕΘΝΙΚΗΣ ΑΝΤΙΣΤΑΣΕΩΣ 3,ΠΕΙΡΑΙΑΣ 18531",ΣΗΜΕΙΟ ΛΙΑΝΙΚΗΣ
23.6502402341126,37.9413248871154,"160","60001013","ΛΕΩΦΟΡΟΣ ΒΑΣΙΛΕΩΣ ΓΕΩΡΓΙΟΥ Β & ΓΡΗΓΟΡΙΟΥ ΛΑΜΠΡΑΚΗ,ΠΕΙΡΑΙΑΣ 18531",ΣΗΜΕΙΟ ΛΙΑΝΙΚΗΣ
23.6739629441356,37.9613131565892,"161","60001014","ΛΕΩΦΟΡΟΣ ΦΛΕΜΙΝΓΚ & ΚΑΜΠΑΝΗ,ΑΓΙΟΣ ΙΩΑΝΝΗΣ ΡΕΝΤΗΣ 18233",ΣΗΜΕΙΟ ΛΙΑΝΙΚΗΣ
23.6527447371247,37.9445241691166,"162","60001015","ΓΡΗΓΟΡΙΟΥ ΛΑΜΠΡΑΚΗ 68,ΠΕΙΡΑΙΑΣ 18532",ΣΗΜΕΙΟ ΛΙΑΝΙΚΗΣ
23.7571756855341,37.9265940665552,"163","60001017","ΗΡΩΩΝ ΠΟΛΥΤΕΧΝΙΟΥ & ΠΑΤΡΩΝ,ΗΛΙΟΥΠΟΛΗ 16342",ΣΗΜΕΙΟ ΛΙΑΝΙΚΗΣ
23.8115911338697,38.0727948942553,"164","60001018","ΠΛΑΤΕΙΑ ΠΛΑΤΑΝΟΥ,ΚΗΦΙΣΙΑ 14561",ΣΗΜΕΙΟ ΛΙΑΝΙΚΗΣ
23.7619915537723,37.9776430011945,"165","60001019","ΟΥΛΩΦ ΠΑΛΜΕ 19,ΖΩΓΡΑΦΟΥ 15771",ΣΗΜΕΙΟ ΛΙΑΝΙΚΗΣ
23.9826258723896,37.9638139637342,"166","60001020","ΑΓΙΑΣ ΚΥΡΙΑΚΗΣ & ΘΕΣΣΑΛΙΑΣ,ΣΠΑΤΑ 19004",ΣΗΜΕΙΟ ΛΙΑΝΙΚΗΣ
23.700769570529,37.949563676701,"167","60001021","ΔΗΜΟΣΘΕΝΟΥΣ 185,ΚΑΛΛΙΘΕΑ 17673",ΣΗΜΕΙΟ ΛΙΑΝΙΚΗΣ
23.7707007204518,37.9476177621798,"168","60001022","ΛΕΩΦΟΡΟΣ ΚΑΡΕΑ 74,ΒΥΡΩΝΑΣ 16233",ΣΗΜΕΙΟ ΛΙΑΝΙΚΗΣ
23.6490571528834,37.9455357820045,"169","60001024","ΛΕΩΦΟΡΟΣ ΗΡΩΩΝ ΠΟΛΥΤΕΧΝΕΙΟΥ 2,ΠΕΙΡΑΙΑΣ 18531",ΣΗΜΕΙΟ ΛΙΑΝΙΚΗΣ
24.0083895547382,37.9734601479785,"170","60001025","ΛΕΩΦΟΡΟΣ ΑΡΤΕΜΙΔΟΣ 30,ΑΡΤΕΜΙΔΑ 19016",ΣΗΜΕΙΟ ΛΙΑΝΙΚΗΣ
23.7500754015285,38.0371981681434,"171","60001026","ΛΕΩΦΟΡΟΣ ΗΡΑΚΛΕΙΟΥ ΗΣΑΠ ΠΕΥΚΑΚΙΑ,ΝΕΑ ΙΩΝΙΑ 14341",ΣΗΜΕΙΟ ΛΙΑΝΙΚΗΣ
23.7551356115239,38.0160387630303,"172","60001029","ΜΕΣΣΗΝΙΑΣ 3,ΓΑΛΑΤΣΙ 11147",ΣΗΜΕΙΟ ΛΙΑΝΙΚΗΣ
23.7588564334307,37.9465466725675,"173","60001030","ΠΑΡΝΗΘΟΣ 4,ΗΛΙΟΥΠΟΛΗ 16344",ΣΗΜΕΙΟ ΛΙΑΝΙΚΗΣ
23.6605043845489,37.9678528954981,"174","60001031","ΚΡΗΝΗΣ 70,ΝΙΚΑΙΑ 18454",ΣΗΜΕΙΟ ΛΙΑΝΙΚΗΣ
23.6454477220718,37.9415260861019,"175","60001032","ΛΕΩΦΟΡΟΣ ΗΡΩΩΝ ΠΟΛΥΤΕΧΝΕΙΟΥ 54,ΠΕΙΡΑΙΑΣ 18535",ΣΗΜΕΙΟ ΛΙΑΝΙΚΗΣ
23.6497937714163,37.9409628692421,"176","60001033","ΓΡΗΓΟΡΙΟΥ ΛΑΜΠΡΑΚΗ 140,ΠΕΙΡΑΙΑΣ 18535",ΣΗΜΕΙΟ ΛΙΑΝΙΚΗΣ
23.6219729470672,37.9688032834114,"177","60001034","ΠΑΝΑΓΗ ΤΣΑΛΔΑΡΗ 89,ΚΕΡΑΤΣΙΝΙ 18757",ΣΗΜΕΙΟ ΛΙΑΝΙΚΗΣ
23.6407351600913,37.9756610085371,"178","60001035","ΠΛΑΤΕΙΑ ΔΗΜΟΚΡΑΤΙΑΣ 10,ΝΙΚΑΙΑ 18451",ΣΗΜΕΙΟ ΛΙΑΝΙΚΗΣ
23.6461546962004,37.9461393427242,"179","60001036","ΕΘΝΙΚΗΣ ΑΝΤΙΣΤΑΣΕΩΣ 10,ΠΕΙΡΑΙΑΣ 18531",ΣΗΜΕΙΟ ΛΙΑΝΙΚΗΣ
23.7712406079376,37.9920931474808,"180","60001037","ΓΕΡΑΣΙΜΟΥ ΚΟΥΠΑ 14,ΑΘΗΝΑ 11526",ΣΗΜΕΙΟ ΛΙΑΝΙΚΗΣ
23.7606719286199,37.9849112657451,"181","60001038","ΛΕΩΦΟΡΟΣ ΜΕΣΟΓΕΙΩΝ 4,ΑΘΗΝΑ 11527",ΣΗΜΕΙΟ ΛΙΑΝΙΚΗΣ
23.6476378147345,37.9425419908813,"182","60001039","ΛΕΩΦΟΡΟΣ ΒΑΣΙΛΕΩΣ ΓΕΩΡΓΙΟΥ Α' 10,ΠΕΙΡΑΙΑΣ 18535",ΣΗΜΕΙΟ ΛΙΑΝΙΚΗΣ
23.7441923347328,37.9897738390345,"183","60001040","ΛΕΩΦΟΡΟΣ ΑΛΕΞΑΝΔΡΑΣ 69,ΑΘΗΝΑ 11474",ΣΗΜΕΙΟ ΛΙΑΝΙΚΗΣ
23.7102000843817,37.9565351104082,"184","60001041","ΑΓΙΩΝ ΠΑΝΤΩΝ 38,ΚΑΛΛΙΘΕΑ 17671",ΣΗΜΕΙΟ ΛΙΑΝΙΚΗΣ
23.7860313690906,38.0058899593318,"185","60001042","25ης ΜΑΡΤΙΟΥ 34,ΦΙΛΟΘΕΗ 15237",
23.7579868642357,38.1304100872009,"186","60001043","ΠΛΑΤΕΙΑ ΑΡΙΣΤΟΤΕΛΟΥΣ,ΑΧΑΡΝΕΣ 13676",ΣΗΜΕΙΟ ΛΙΑΝΙΚΗΣ
23.7615199382481,37.895585297897,"187","60001044","Γ. ΓΕΝΝΗΜΑΤΑ 19,ΓΛΥΦΑΔΑ 16652",ΣΗΜΕΙΟ ΛΙΑΝΙΚΗΣ
23.6510343448237,37.970920720438,"188","60001045","ΕΛΕΥΘΕΡΙΟΥ ΒΕΝΙΖΕΛΟΥ 10,ΝΙΚΑΙΑ 18453",ΣΗΜΕΙΟ ΛΙΑΝΙΚΗΣ
23.7783678414018,37.9739268095748,"189","60001046","ΓΡΗΓΟΡΙΟΥ ΚΟΥΣΙΔΗ 55,ΖΩΓΡΑΦΟΥ 15772",ΣΗΜΕΙΟ ΛΙΑΝΙΚΗΣ
23.7966773035227,38.0601360045178,"190","60001048","ΛΕΩΦΟΡΟΣ ΕΙΡΗΝΗΣ 8,ΠΕΥΚΗ 15121",ΣΗΜΕΙΟ ΛΙΑΝΙΚΗΣ
23.7283523413279,38.003898819878,"191","60001049","ΑΧΑΡΝΩΝ 207,ΑΘΗΝΑ 10446",ΣΗΜΕΙΟ ΛΙΑΝΙΚΗΣ
23.7297779676838,37.9360942286258,"192","60001050","ΛΕΩΦΟΡΟΣ ΑΓΙΟΥ ΔΗΜΗΤΡΙΟΥ 161,ΑΓΙΟΣ ΔΗΜΗΤΡΙΟΣ 17343",ΣΗΜΕΙΟ ΛΙΑΝΙΚΗΣ
23.7610016103292,38.06339588332,"193","60001051","ΓΚΙΝΟΣΑΤΗ 69,ΜΕΤΑΜΟΡΦΩΣΗ 14451",ΣΗΜΕΙΟ ΛΙΑΝΙΚΗΣ
23.7550350002121,37.8617160186736,"194","60001052","ΑΡΤΕΜΙΔΟΣ 1,ΓΛΥΦΑΔΑ 16674",ΣΗΜΕΙΟ ΛΙΑΝΙΚΗΣ
23.8519641176839,38.007040166335,"195","60001053","ΗΦΑΙΣΤΟΥ 52,ΓΛΥΚΑ ΝΕΡΑ 15354",ΣΗΜΕΙΟ ΛΙΑΝΙΚΗΣ
23.6738910789128,38.0382077963519,"196","60001054","ΠΕΡΙΚΛΕΟΥΣ & ΚΑΤΣΑΝΤΩΝΗ,ΠΕΤΡΟΥΠΟΛΗ 13231",ΣΗΜΕΙΟ ΛΙΑΝΙΚΗΣ
23.6779137347551,38.0350331160912,"197","60001055","ΠΕΡΙΚΛΕΟΥΣ 84,ΠΕΤΡΟΥΠΟΛΗ 13231",ΣΗΜΕΙΟ ΛΙΑΝΙΚΗΣ
23.6792118003407,38.0369979388911,"198","60001057","ΠΙΝΔΟΥ 54,ΠΕΤΡΟΥΠΟΛΗ 13132",ΣΗΜΕΙΟ ΛΙΑΝΙΚΗΣ
23.6244073814871,37.9468640340804,"199","60001059","ΕΘΝΙΚΗΣ ΑΝΤΙΣΤΑΣΕΩΣ 191,ΔΡΑΠΕΤΣΩΝΑ 186 48",ΣΗΜΕΙΟ ΛΙΑΝΙΚΗΣ
23.7539731915463,38.0223889246062,"200","60001060","ΠΑΠΑΦΛΕΣΣΑ 73,ΓΑΛΑΤΣΙ 11146",ΣΗΜΕΙΟ ΛΙΑΝΙΚΗΣ
23.7218898611739,37.9630391546533,"201","60001061","ΓΕΩΡΓΙΟΥ ΟΛΥΜΠΙΟΥ 9,ΑΘΗΝΑ 11741",ΣΗΜΕΙΟ ΛΙΑΝΙΚΗΣ
23.7066553322705,37.9533852263085,"202","60001062","ΜΑΤΖΑΓΡΙΩΤΑΚΗ 57,ΚΑΛΛΙΘΕΑ 17675",ΣΗΜΕΙΟ ΛΙΑΝΙΚΗΣ
23.7563833714535,37.9830979843335,"203","60001063","ΔΩΡΙΛΑΙΟΥ & ΔΗΜΗΤΡΙΟΥ ΣΟΥΤΣΟΥ,ΑΘΗΝΑ 11521",ΣΗΜΕΙΟ ΛΙΑΝΙΚΗΣ
23.7477218154841,37.9727017280388,"204","60001064","ΣΠΥΡΟΥ ΜΕΡΚΟΥΡΗ 19,ΑΘΗΝΑ 11634",ΣΗΜΕΙΟ ΛΙΑΝΙΚΗΣ
23.717204248652,37.910084899027,"205","60001065","ΘΟΥΚΥΔΙΔΟΥ 83,ΑΛΙΜΟΣ 17455",ΣΗΜΕΙΟ ΛΙΑΝΙΚΗΣ
23.7542013636284,38.0151208350272,"206","60001066","ΛΕΩΦΟΡΟΣ ΒΕΙΚΟΥ 18,ΓΑΛΑΤΣΙ 11147",ΣΗΜΕΙΟ ΛΙΑΝΙΚΗΣ
23.7545328419683,37.8923732526225,"207","60001067","ΛΕΩΦΟΡΟΣ ΙΑΣΩΝΙΔΟΥ 55,ΕΛΛΗΝΙΚΟ 16777",ΣΗΜΕΙΟ ΛΙΑΝΙΚΗΣ
23.7498202799878,38.0488381171209,"208","60001068","ΕΛΕΥΘΕΡΙΟΥ ΒΕΝΙΖΕΛΟΥ 146  (ΕΝΑΝΤΙ),ΝΕΑ ΦΙΛΑΔΕΛΦΕΙΑ 14342",ΣΗΜΕΙΟ ΛΙΑΝΙΚΗΣ
23.855727160409,37.9577300052402,"209","60001070","ΙΩΑΝΝΗ ΜΕΤΑΞΑ 26,ΠΑΙΑΝΙΑ 19002",ΣΗΜΕΙΟ ΛΙΑΝΙΚΗΣ
23.7722036019222,38.0684802687421,"210","60001072","ΓΕΩΡΓΙΟΥ ΠΑΠΑΝΔΡΕΟΥ & ΝΙΚΗΦΟΡΙΔΗ,ΜΕΤΑΜΟΡΦΩΣΗ 14452",ΣΗΜΕΙΟ ΛΙΑΝΙΚΗΣ
23.5442857429812,38.0443289441918,"211","60001073","ΙΕΡΑ ΟΔΟΣ & ΑΘΑΝΑΣΙΟΥ ΚΑΙ ΑΝΑΣΤΑΣΙΟΥ ΜΟΥΡΙΚΗ,ΕΛΕΥΣΙΝΑ 19200",ΣΗΜΕΙΟ ΛΙΑΝΙΚΗΣ
23.6395736384289,37.9803641708046,"212","60001074","ΕΥΡΙΠΙΔΟΥ 4,ΝΙΚΑΙΑ 18452",ΣΗΜΕΙΟ ΛΙΑΝΙΚΗΣ
23.7479248347383,37.9734580235638,"213","60001075","ΣΠΥΡΟΥ ΜΕΡΚΟΥΡΗ 70,ΑΘΗΝΑ 11634",ΣΗΜΕΙΟ ΛΙΑΝΙΚΗΣ
23.6468517888609,37.9357173064436,"214","60001076","ΧΑΡΙΛΑΟΥ ΤΡΙΚΟΥΠΗ 54,ΠΕΙΡΑΙΑΣ 18536",ΣΗΜΕΙΟ ΛΙΑΝΙΚΗΣ
23.7524469538785,37.9530069761389,"215","60001077","ΑΓΙΑΣ ΣΟΦΙΑΣ 129,ΒΥΡΩΝΑΣ 16232",ΣΗΜΕΙΟ ΛΙΑΝΙΚΗΣ
23.6555106498845,37.9860957865699,"216","60001078","ΠΑΛΑΙΩΝ ΠΟΛΕΜΙΣΤΩΝ 90,ΑΓΙΑ ΒΑΡΒΑΡΑ 12351",ΣΗΜΕΙΟ ΛΙΑΝΙΚΗΣ
23.7492776975562,37.8921676656104,"217","60001079","ΛΕΩΦΟΡΟΣ ΙΑΣΩΝΙΔΟΥ 8,ΕΛΛΗΝΙΚΟ 16777",ΣΗΜΕΙΟ ΛΙΑΝΙΚΗΣ
23.7662971789291,37.8406762856147,"218","60001080","ΛΕΩΦΟΡΟΣ ΒΑΣΙΛΕΩΣ ΠΑΥΛΟΥ 61,ΒΟΥΛΑ 16673",ΣΗΜΕΙΟ ΛΙΑΝΙΚΗΣ
23.6354656426346,37.9672296836305,"219","60001082","ΝΕΣΤΟΡΟΣ 15,ΝΙΚΑΙΑ 18451",ΣΗΜΕΙΟ ΛΙΑΝΙΚΗΣ
23.8391083276528,38.0528249737228,"220","60001083","ΕΛΕΥΘΕΡΙΟΥ ΒΕΝΙΖΕΛΟΥ & ΠΟΝΤΟΥ,ΜΕΛΙΣΣΙΑ 15127",ΣΗΜΕΙΟ ΛΙΑΝΙΚΗΣ
23.7678575525776,37.9723611092509,"221","60001084","ΜΟΥΣΚΟΥ 21,ΖΩΓΡΑΦΟΥ 15772",ΣΗΜΕΙΟ ΛΙΑΝΙΚΗΣ
23.7707007204518,37.9726202912583,"222","60001086","ΒΑΚΤΡΙΑΝΗΣ 73,ΖΩΓΡΑΦΟΥ 15772",ΣΗΜΕΙΟ ΛΙΑΝΙΚΗΣ
23.7459997450844,37.9549987884894,"223","60001087","ΠΛΑΤΕΙΑ ΥΜΗΤΤΟΥ 3,ΥΜΗΤΤΟΣ 17237",ΣΗΜΕΙΟ ΛΙΑΝΙΚΗΣ
23.739089903919,38.0631610693927,"224","60001088","ΦΙΛΑΔΕΛΦΕΙΑΣ 232,ΑΧΑΡΝΕΣ 13671",ΣΗΜΕΙΟ ΛΙΑΝΙΚΗΣ
23.7898051915992,38.0253610612615,"225","60001089","ΛΕΩΦΟΡΟΣ ΚΗΦΙΣΙΑΣ 322,ΧΑΛΑΝΔΡΙ 15233",ΣΗΜΕΙΟ ΛΙΑΝΙΚΗΣ
23.7520651698828,37.9615532547687,"226","60001090","Π. ΤΣΑΛΔΑΡΗ 13,ΒΥΡΩΝΑΣ 16232",ΣΗΜΕΙΟ ΛΙΑΝΙΚΗΣ
23.6674501583257,38.0370510032339,"227","60001091","ΜΕΤΕΩΡΩΝ 20,ΠΕΤΡΟΥΠΟΛΗ 13231",ΣΗΜΕΙΟ ΛΙΑΝΙΚΗΣ
23.8303497536327,38.0841682747343,"228","60001093","ΠΛΑΤΕΙΑ ΠΟΛΙΤΕΙΑΣ ,ΚΗΦΙΣΙΑ 14562",ΣΗΜΕΙΟ ΛΙΑΝΙΚΗΣ
23.8123025995747,38.0730353346748,"229","60001094","ΛΕΩΦΟΡΟΣ ΚΗΦΙΣΙΑΣ 238,ΚΗΦΙΣΙΑ 14562",ΣΗΜΕΙΟ ΛΙΑΝΙΚΗΣ
23.6461097804362,37.9685447961135,"230","60001095","ΠΕΤΡΟΥ ΡΑΛΛΗ 306,ΝΙΚΑΙΑ 18453",ΣΗΜΕΙΟ ΛΙΑΝΙΚΗΣ
23.73688004832,37.9997040135781,"231","60001096","ΑΓΙΟΥ ΜΕΛΕΤΙΟΥ 20,ΑΘΗΝΑ 11361",ΣΗΜΕΙΟ ΛΙΑΝΙΚΗΣ
23.7106186993041,37.9327238238705,"232","60001097","ΛΕΩΦΟΡΟΣ ΕΛΕΥΘΕΡΙΟΥ ΒΕΝΙΖΕΛΟΥ 168,Ν ΣΜΥΡΝΗ 17123",ΣΗΜΕΙΟ ΛΙΑΝΙΚΗΣ
23.7530416385966,38.0129968881502,"233","60001098","ΑΓΙΑΣ ΓΛΥΚΕΡΙΑΣ 2,ΓΑΛΑΤΣΙ 11146",ΣΗΜΕΙΟ ΛΙΑΝΙΚΗΣ
23.7710106392249,37.9768329327778,"234","60001099","ΓΕΩΡΓΙΟΥ ΖΩΓΡΑΦΟΥ & 3ης ΟΡΕΙΝΗΣ ΤΑΞΙΑΡΧΙΑΣ,ΖΩΓΡΑΦΟΥ 15772",ΣΗΜΕΙΟ ΛΙΑΝΙΚΗΣ
23.7729132709966,37.9772549625441,"235","60001100","ΠΑΠΑΓΟΥ 113,ΖΩΓΡΑΦΟΥ 15773",ΣΗΜΕΙΟ ΛΙΑΝΙΚΗΣ
23.7916880604347,38.002773338536,"236","60001101","ΜΕΣΟΓΕΙΩΝ 212,ΧΟΛΑΡΓΟΣ 11561",ΣΗΜΕΙΟ ΛΙΑΝΙΚΗΣ
23.632184995217,37.964066801857,"237","60001103","ΠΕΤΡΟΥ ΡΑΛΛΗ 486,ΝΙΚΑΙΑ 18451",ΣΗΜΕΙΟ ΛΙΑΝΙΚΗΣ
23.7140987727148,37.9755760344507,"238","60001106","ΤΡΙΩΝ ΙΕΡΑΡΧΩΝ 3,ΑΘΗΝΑ 11851",ΣΗΜΕΙΟ ΛΙΑΝΙΚΗΣ
23.7338275729846,37.9818893411841,"239","60001107","ΑΚΑΔΗΜΙΑΣ & ΙΠΠΟΚΡΑΤΟΥΣ,ΑΘΗΝΑ 10679",ΣΗΜΕΙΟ ΛΙΑΝΙΚΗΣ
23.7176561012399,38.0260290677637,"240","60001108","ΛΕΩΦΟΡΟΣ ΔΗΜΟΚΡΑΤΙΑΣ 41,ΑΓΙΟΙ ΑΝΑΡΓΥΡΟΙ 13561",ΣΗΜΕΙΟ ΛΙΑΝΙΚΗΣ
23.7112232654903,37.9965750953052,"241","60001109","ΛΕΝΟΡΜΑΝ 167,ΑΘΗΝΑ 10442",ΣΗΜΕΙΟ ΛΙΑΝΙΚΗΣ
23.7077270224045,37.9681786632327,"242","60001110","ΚΕΙΡΙΑΔΩΝ 101,ΑΘΗΝΑ 11854",ΣΗΜΕΙΟ ΛΙΑΝΙΚΗΣ
23.6740321144125,38.0172121654329,"243","60001112","ΠΕΛΟΠΙΔΑ 185,ΠΕΡΙΣΤΕΡΙ 12137",ΣΗΜΕΙΟ ΛΙΑΝΙΚΗΣ
23.6596429001914,37.9790882146877,"244","60001113","ΓΡΗΓΟΡΙΟΥ ΛΑΜΠΡΑΚΗ 92,ΝΙΚΑΙΑ 18454",ΣΗΜΕΙΟ ΛΙΑΝΙΚΗΣ
23.6715276114003,37.9812223485671,"245","60001114","ΘΗΒΩΝ 252,ΑΙΓΑΛΕΩ 12241",ΣΗΜΕΙΟ ΛΙΑΝΙΚΗΣ
23.6637140650591,37.9745981172593,"246","60001115","ΠΕΤΡΟΥ ΡΑΛΛΗ 126,ΝΙΚΑΙΑ 18454",ΣΗΜΕΙΟ ΛΙΑΝΙΚΗΣ
23.6566748664927,37.9841996944299,"247","60001116","ΘΗΡΑΣ & ΤΑΞΙΑΡΧΩΝ,ΚΟΡΥΔΑΛΛΟΣ 18121",ΣΗΜΕΙΟ ΛΙΑΝΙΚΗΣ
23.6552411552992,37.9395197391743,"248","60001117","ΙΔΗΣ 12,ΠΕΙΡΑΙΑΣ 18534",ΣΗΜΕΙΟ ΛΙΑΝΙΚΗΣ
23.7526751259607,37.9545539645261,"249","60001121","ΠΛΑΤΕΙΑ ΤΣΙΡΑΚΟΠΟΥΛΟΥ,ΒΥΡΩΝΑΣ 16232",ΣΗΜΕΙΟ ΛΙΑΝΙΚΗΣ
23.7024467251644,37.9563367857336,"250","60001122","ΛΕΩΦΟΡΟΣ ΕΛΕΥΘΕΡΙΟΥ ΒΕΝΙΖΕΛΟΥ 140,ΚΑΛΛΙΘΕΑ 17676",ΣΗΜΕΙΟ ΛΙΑΝΙΚΗΣ
23.729408760102,38.0019338173053,"251","60001123","ΦΥΛΗΣ 183,ΑΘΗΝΑ 11252",ΣΗΜΕΙΟ ΛΙΑΝΙΚΗΣ
23.7755677926612,37.9726068364771,"252","60001124","ΓΕΩΡΓΙΟΥ ΖΩΓΡΑΦΟΥ 45,ΖΩΓΡΑΦΟΥ 15772",ΣΗΜΕΙΟ ΛΙΑΝΙΚΗΣ
23.7706342451208,37.9718299957213,"253","60001125","ΕΘΝΙΚΗΣ ΑΝΤΙΣΤΑΣΕΩΣ 23,ΙΛΙΣΙΑ 15772",ΣΗΜΕΙΟ ΛΙΑΝΙΚΗΣ
23.7660402607578,37.9747779813556,"254","60001126","ΓΡΗΓΟΡΙΟΥ ΑΥΞΕΝΤΙΟΥ 73,ΙΛΙΣΙΑ 15771",ΣΗΜΕΙΟ ΛΙΑΝΙΚΗΣ
23.7534773215094,38.0135411509788,"255","60001127","ΛΕΩΦΟΡΟΣ ΒΕΙΚΟΥ 6,ΓΑΛΑΤΣΙ 11147",ΣΗΜΕΙΟ ΛΙΑΝΙΚΗΣ
23.7319438058338,37.9798012517229,"256","60001128","ΚΟΡΑΗ 1,ΑΘΗΝΑ 10564",ΣΗΜΕΙΟ ΛΙΑΝΙΚΗΣ
23.808500030977,38.0590142161524,"257","60001129","ΛΕΩΦΟΡΟΣ ΚΗΦΙΣΙΑΣ 213,ΜΑΡΟΥΣΙ 15124",ΣΗΜΕΙΟ ΛΙΑΝΙΚΗΣ
23.7589929773539,37.9843533377756,"258","60001130","ΛΕΩΦΟΡΟΣ ΒΑΣΙΛΙΣΗΣ ΣΟΦΙΑΣ 121,ΑΘΗΝΑ 11521",ΣΗΜΕΙΟ ΛΙΑΝΙΚΗΣ
23.6286959386535,37.9753168628796,"259","60001131","ΠΕΡΡΑΙΒΟΥ 78 (ΕΝΑΝΤΙ),ΚΕΡΑΤΣΙΝΙ 18757",ΣΗΜΕΙΟ ΛΙΑΝΙΚΗΣ
23.7495759382305,38.0227392184076,"260","60001132","ΝΑΡΚΙΣΣΟΥ 1,ΓΑΛΑΤΣΙ 11146",ΣΗΜΕΙΟ ΛΙΑΝΙΚΗΣ
23.7431565772102,37.9658571824782,"261","60001133","ΠΛΑΤΕΙΑ ΒΑΡΝΑΒΑ 2,ΑΘΗΝΑ 11635",ΣΗΜΕΙΟ ΛΙΑΝΙΚΗΣ
23.6423440427651,37.9758507836415,"262","60001134","ΑΝΩΓΕΙΩΝ 24,ΝΙΚΑΙΑ 18453",ΣΗΜΕΙΟ ΛΙΑΝΙΚΗΣ
23.6751082961228,38.0330293246176,"263","60001135","ΑΘΗΝΑΣ 39,ΠΕΡΙΣΤΕΡΙ 12137",ΣΗΜΕΙΟ ΛΙΑΝΙΚΗΣ
23.7669511524559,37.9928428716159,"264","60001136","ΛΕΩΦΟΡΟΣ ΚΗΦΙΣΙΑΣ 98,ΑΘΗΝΑ 11526",ΣΗΜΕΙΟ ΛΙΑΝΙΚΗΣ
23.7057201860598,38.0156558815831,"265","60001137","ΠΛΑΤΕΙΑ ΔΑΣΚΑΛΟΓΙΑΝΝΗ,ΠΕΡΙΣΤΕΡΙ 12133",ΣΗΜΕΙΟ ΛΙΑΝΙΚΗΣ
23.7141391969025,37.9923536757165,"266","60001138","ΛΕΝΟΡΜΑΝ 136,ΑΘΗΝΑ 10442",ΣΗΜΕΙΟ ΛΙΑΝΙΚΗΣ
23.7726572511407,38.0389280411855,"267","60001139","ΑΛΑΜΑΝΑΣ 45,Ν.ΙΩΝΙΑ 14235",ΣΗΜΕΙΟ ΛΙΑΝΙΚΗΣ
23.7651051145471,37.9939288606931,"268","60001140","ΛΟΥΙΖΗΣ ΡΙΑΝΚΟΥΡ 81,ΑΘΗΝΑ 11524",ΣΗΜΕΙΟ ΛΙΑΝΙΚΗΣ
23.7661184141875,37.9789671322389,"269","60001141","ΠΑΠΑΓΟΥ 38,ΖΩΓΡΑΦΟΥ 15771",ΣΗΜΕΙΟ ΛΙΑΝΙΚΗΣ
23.8137354124529,38.0015069744104,"270","60001142","ΕΛΕΥΘΕΡΙΟΥ ΒΕΝΙΖΕΛΟΥ 73,ΑΓΙΑ ΠΑΡΑΣΚΕΥΗ 15341",ΣΗΜΕΙΟ ΛΙΑΝΙΚΗΣ
23.7982026428752,38.0214569226406,"271","60001143","ΛΕΩΦΟΡΟΣ ΒΑΣΙΛΕΩΣ ΓΕΩΡΓΙΟΥ & ΑΝΔΡΕΑ ΠΑΠΑΝΔΡΕΟΥ,ΧΑΛΑΝΔΡΙ 15232",ΣΗΜΕΙΟ ΛΙΑΝΙΚΗΣ
23.7560500964831,37.9324978021304,"272","60001144","ΠΛΑΤΕΙΑ ΕΘΝΙΚΗΣ ΑΝΤΙΣΤΑΣΕΩΣ 3,ΗΛΙΟΥΠΟΛΗ 16341",ΣΗΜΕΙΟ ΛΙΑΝΙΚΗΣ
23.6537203075232,37.9707727142833,"273","60001145","ΠΕΤΡΟΥ ΡΑΛΛΗ 205,ΝΙΚΑΙΑ 18454",ΣΗΜΕΙΟ ΛΙΑΝΙΚΗΣ
23.6483834164203,37.9446127212211,"274","60001146","ΛΕΩΦΟΡΟΣ ΗΡΩΩΝ ΠΟΛΥΤΕΧΝΕΙΟΥ 14,ΠΕΙΡΑΙΑΣ 18532",ΣΗΜΕΙΟ ΛΙΑΝΙΚΗΣ
23.6526522106504,37.9710446488069,"275","60001147","ΑΘΗΝΑΣ 1 1,ΝΙΚΑΙΑ 18453",ΣΗΜΕΙΟ ΛΙΑΝΙΚΗΣ
23.6876613539031,38.0119189668758,"276","60001148","ΠΕΛΑΣΓΙΑΣ 18,ΠΕΡΙΣΤΕΡΙ 12136",ΣΗΜΕΙΟ ΛΙΑΝΙΚΗΣ
23.8604235527144,38.1323327788807,"277","60001149","ΕΘΝΙΚΗΣ ΑΝΤΙΣΤΑΣΕΩΣ & ΑΓΙΟΥ ΠΑΝΤΕΛΕΗΜΩΝΟΣ,ΔΡΑΠΕΤΣΩΝΑ 18648",ΣΗΜΕΙΟ ΛΙΑΝΙΚΗΣ
23.6982012871317,37.9537160165271,"278","60001150","ΘΗΣΕΩΣ 188,ΚΑΛΛΙΘΕΑ 17675",ΣΗΜΕΙΟ ΛΙΑΝΙΚΗΣ
23.7699560170813,37.9779701416745,"279","60001151","ΛΕΩΦΟΡΟΣ ΣΤΡΑΤΑΡΧΟΥ ΑΛΕΞΑΝΔΡΟΥ ΠΑΠΑΓΟΥ 87,ΖΩΓΡΑΦΟΥ 15773",ΣΗΜΕΙΟ ΛΙΑΝΙΚΗΣ
23.6580591703455,37.9631368915327,"280","60001152","ΘΗΒΩΝ 138,ΑΓΙΟΣ ΙΩΑΝΝΗΣ ΡΕΝΤΗΣ 18233",ΣΗΜΕΙΟ ΛΙΑΝΙΚΗΣ
23.6423682972778,37.9476071363674,"281","60001153","ΑΚΤΗ ΠΟΣΕΙΔΩΝΟΣ 40,ΠΕΙΡΑΙΑΣ 18531",ΣΗΜΕΙΟ ΛΙΑΝΙΚΗΣ
23.6426153339809,37.9476262628285,"282","60001154","ΛΟΥΔΟΒΙΚΟΥ 2,ΠΕΙΡΑΙΑΣ 18531",ΣΗΜΕΙΟ ΛΙΑΝΙΚΗΣ
23.6420592768201,37.9373092935546,"283","60001155","ΛΕΩΦΟΡΟΣ ΗΡΩΩΝ ΠΟΛΥΤΕΧΝΕΙΟΥ 91,ΠΕΙΡΑΙΑΣ 18536",ΣΗΜΕΙΟ ΛΙΑΝΙΚΗΣ
23.7477577480954,37.9640037694653,"284","60001156","ΦΙΛΟΛΑΟΥ 87,ΑΘΗΝΑ 11633",ΣΗΜΕΙΟ ΛΙΑΝΙΚΗΣ
23.6760641035851,38.0322566615665,"285","60001157","ΦΟΙΝΙΚΩΝ 40,ΠΕΡΙΣΤΕΡΙ 12137",ΣΗΜΕΙΟ ΛΙΑΝΙΚΗΣ
23.6500560794793,38.0148610954099,"286","60001158","ΗΡ.ΠΟΛΥΤΕΧΝΕΙΟΥ 75,ΧΑΪΔΑΡΙ 12462",ΣΗΜΕΙΟ ΛΙΑΝΙΚΗΣ
23.7510617517104,37.9619689981374,"287","60001159","ΑΔΑΜΑΝΤΙΟΥ ΚΟΡΑΗ 31,ΒΥΡΩΝΑΣ 16232",ΣΗΜΕΙΟ ΛΙΑΝΙΚΗΣ
23.6565077798498,38.0125962968025,"288","60001160","ΛΕΩΦΟΡΟΣ ΑΘΗΝΩΝ 288,ΧΑΪΔΑΡΙ 12462",ΣΗΜΕΙΟ ΛΙΑΝΙΚΗΣ
23.6352886745237,37.935557893285,"289","60001161","ΛΕΩΦΟΡΟΣ ΧΑΤΖΗΚΥΡΙΑΚΟΥ 52,ΠΕΙΡΑΙΑΣ 18538",ΣΗΜΕΙΟ ΛΙΑΝΙΚΗΣ
23.5400160504358,38.036034283737,"290","60001162","ΚΑΝΕΛΟΠΟΥΛΟΥ 17,ΕΛΕΥΣΙΝΑ 19200",ΣΗΜΕΙΟ ΛΙΑΝΙΚΗΣ
23.648967321355,37.9397790370922,"291","60001163","ΓΡΗΓΟΡΙΟΥ ΛΑΜΠΡΑΚΗ 113,ΠΕΙΡΑΙΑΣ 18534",ΣΗΜΕΙΟ ΛΙΑΝΙΚΗΣ
23.5590118254338,37.9640979639183,"292","60001164","ΛΕΩΦOΡΟΣ ΔΗΜΟΚΡΑΤΙΑΣ 17,ΠΕΡΑΜΑ 18863",ΣΗΜΕΙΟ ΛΙΑΝΙΚΗΣ
23.6235539819672,37.9585579915016,"293","60001165","ΛΕΩΦΟΡΟΣ ΔΗΜΟΚΡΑΤΙΑΣ 53,ΚΕΡΑΤΣΙΝΙ 18755",ΣΗΜΕΙΟ ΛΙΑΝΙΚΗΣ
23.7376876337604,38.0004819750239,"294","60001166","ΣΠΟΡΑΔΩΝ 43,ΑΘΗΝΑ 11361",ΣΗΜΕΙΟ ΛΙΑΝΙΚΗΣ
23.7503430994831,37.9023470776619,"295","60001167","ΜΑΡΙΝΟΥ ΓΕΡΟΥΛΑΝΟΥ 115,ΑΡΓΥΡΟΥΠΟΛΗ 164 52",ΣΗΜΕΙΟ ΛΙΑΝΙΚΗΣ
23.7497780591694,37.9676843455376,"296","60001168","ΥΜΗΤΤΟΥ 90,ΑΘΗΝΑ 11634",ΣΗΜΕΙΟ ΛΙΑΝΙΚΗΣ
23.4995370654181,38.0739970884488,"297","60001170","ΣΤΡΑΤΗΓΟΥ ΝΙΚΟΛΑΟΥ ΡΟΚΑ 51,ΜΑΝΔΡΑ 19600",ΣΗΜΕΙΟ ΛΙΑΝΙΚΗΣ
23.7667050140681,37.8909490190855,"298","60001171","ΓΕΩΡΓΙΟΥ ΓΕΝΝΗΜΑΤΑ & ΕΛΕΥΘΕΡΟΥ ΑΝΘΡΩΠΟΥ,ΓΛΥΦΑΔΑ 16562",ΣΗΜΕΙΟ ΛΙΑΝΙΚΗΣ
23.7413545567502,37.9902708398745,"299","60001172","ΛΕΩΦΟΡΟΣ ΑΛΕΞΑΝΔΡΑΣ 41,ΑΘΗΝΑ 11471",ΣΗΜΕΙΟ ΛΙΑΝΙΚΗΣ
23.7352091818916,37.9572200347199,"300","60001173","ΛΕΩΦΟΡΟΣ ΒΟΥΛΙΑΓΜΕΝΗΣ 135,ΑΘΗΝΑ 11631",ΣΗΜΕΙΟ ΛΙΑΝΙΚΗΣ
23.7288652793551,37.9931387946139,"301","60001174","ΑΡΙΣΤΟΤΕΛΟΥΣ 79,ΑΘΗΝΑ 10434",ΣΗΜΕΙΟ ΛΙΑΝΙΚΗΣ
23.6657568340151,37.9880562575016,"302","60001175","ΣΗΤΕΙΑΣ 22,ΑΓΙΑ ΒΑΡΒΑΡΑ 12351",ΣΗΜΕΙΟ ΛΙΑΝΙΚΗΣ
23.7137753792125,37.9221170580975,"303","60001177","ΛΕΩΦΟΡΟΣ ΑΓΙΑΣ ΒΑΡΒΑΡΑΣ 53,ΠΑΛΑΙΟ ΦΑΛΗΡΟ 17563",ΣΗΜΕΙΟ ΛΙΑΝΙΚΗΣ
23.5421809902705,38.0441839159784,"304","60001178","ΠΑΓΚΑΛΟΥ & ΧΑΤΖΗΔΑΚΗ,ΕΛΕΥΣΙΝΑ 19200",ΣΗΜΕΙΟ ΛΙΑΝΙΚΗΣ
23.7016059020585,37.9546672957279,"305","60001179","ΦΙΛΑΡΕΤΟΥ & ΠΛΑΤΩΝΟΣ,ΚΑΛΛΙΘΕΑ 17673",ΣΗΜΕΙΟ ΛΙΑΝΙΚΗΣ
23.6899349898872,38.0114702411999,"306","60001180","ΠΕΛΑΣΓΙΑΣ 1,ΠΕΡΙΣΤΕΡΙ 12131",ΣΗΜΕΙΟ ΛΙΑΝΙΚΗΣ
24.0059883579837,37.9322972869641,"307","60001181","ΛΕΩΦΟΡΟΣ ΒΡΑΥΡΩΝΟΣ & ΧΡΥΣΗΙΔΟΣ,ΑΡΤΕΜΙΔΑ 19016",ΣΗΜΕΙΟ ΛΙΑΝΙΚΗΣ
23.7762199695575,37.9765879278068,"308","60001182","ΛΕΩΦΟΡΟΣ ΣΤΡΑΤΑΡΧΟΥ ΠΑΠΑΓΟΥ 143,ΖΩΓΡΑΦΟΥ 15773",ΣΗΜΕΙΟ ΛΙΑΝΙΚΗΣ
23.7527308215083,38.0424301130377,"309","60001183","ΕΛΕΥΘΕΡΙΟΥ ΒΕΝΙΖΕΛΟΥ 17,ΝΕΑ ΙΩΝΙΑ 14231",ΣΗΜΕΙΟ ΛΙΑΝΙΚΗΣ
23.701974211325,37.944194754351,"310","60001184","ΝΙΚΟΛΑΟΥ ΠΛΑΣΤΗΡΑ 122,ΝΕΑ ΣΜΥΡΝΗ 17122",ΣΗΜΕΙΟ ΛΙΑΝΙΚΗΣ
23.7565253052684,37.9978096889571,"311","60001185","ΜΗΤΡΟΠΕΤΡΟΒΑ 25  (ΕΝΑΝΤΙ),ΑΘΗΝΑ 11476",ΣΗΜΕΙΟ ΛΙΑΝΙΚΗΣ
23.7411542324419,38.0033247557671,"312","60001186","ΚΥΠΡΟΥ 127,ΑΘΗΝΑ 11364",ΣΗΜΕΙΟ ΛΙΑΝΙΚΗΣ
23.6330689374566,37.9354657877469,"313","60001187","ΚΛΕΙΣΟΒΗΣ 57,ΠΕΙΡΑΙΑΣ 18538",ΣΗΜΕΙΟ ΛΙΑΝΙΚΗΣ
23.6941750380283,38.0221023193414,"314","60001188","ΘΗΒΩΝ 261,ΠΕΡΙΣΤΕΡΙ 12135",ΣΗΜΕΙΟ ΛΙΑΝΙΚΗΣ
23.6520772888686,37.9702168033335,"315","60001189","ΠΕΤΡΟΥ ΡΑΛΛΗ ΚΑΙ ΠΛΑΤΕΙΑΣ ΔΑΒΑΚΗ ΠΙΝΔΟΥ,ΝΙΚΑΙΑ 18451",ΣΗΜΕΙΟ ΛΙΑΝΙΚΗΣ
23.7349989761151,37.9735869046084,"316","60001190","ΛΕΩΦΟΡΟΣ ΒΑΣΙΛΙΣΣΗΣ ΑΜΑΛΙΑΣ 12,ΑΘΗΝΑ 10557",ΣΗΜΕΙΟ ΛΙΑΝΙΚΗΣ
23.7256582937908,37.9761701428776,"317","60001191","ΣΤΑΘΜΟΣ ΗΣΑΠ ΜΟΝΑΣΤΗΡΑΚΙ,ΑΘΗΝΑ 10552",ΣΗΜΕΙΟ ΛΙΑΝΙΚΗΣ
23.7264739640688,37.9642870606886,"318","60001192","Λ.ΣΥΓΓΡΟΥ (ΣΤΑΘΜΟΣ ΜΕΤΡΟ FIX),ΑΘΗΝΑ 11742",ΣΗΜΕΙΟ ΛΙΑΝΙΚΗΣ
23.7007857402041,37.937540259893,"319","60001194","ΛΕΩΦΟΡΟΣ ΑΜΦΙΘΕΑΣ 36,ΠΑΛΑΙΟ ΦΑΛΗΡΟ 17564",ΣΗΜΕΙΟ ΛΙΑΝΙΚΗΣ
23.7505748648264,37.9113861509665,"320","60001195","ΦΛΕΜΙΝΓΚ 11,ΑΡΓΥΡΟΥΠΟΛΗ 16451",ΣΗΜΕΙΟ ΛΙΑΝΙΚΗΣ
23.7528179580909,37.9548939576069,"321","60001196","ΑΓΙΑΣ ΣΟΦΙΑΣ 101,ΒΥΡΩΝΑΣ 16232",ΣΗΜΕΙΟ ΛΙΑΝΙΚΗΣ
23.7300528521607,38.0832038264065,"322","60001198","ΕΘΝΙΚΗΣ ΑΝΤΙΣΤΑΣΕΩΣ 57,ΑΧΑΡΝΕΣ 13672",ΣΗΜΕΙΟ ΛΙΑΝΙΚΗΣ
23.6299167491246,37.9858316960161,"323","60001199","ΚΩΣΤΗ ΠΑΛΑΜΑ 216,ΝΙΚΑΙΑ 18452",ΣΗΜΕΙΟ ΛΙΑΝΙΚΗΣ
23.7388850880342,37.952390721691,"324","60001200","ΗΛΙΟΥΠΟΛΕΩΣ 184,ΥΜΗΤΤΟΣ 17237",ΣΗΜΕΙΟ ΛΙΑΝΙΚΗΣ
23.7142146553864,37.9153726864293,"325","60001201","ΤΑΞΙΑΡΧΩΝ 63,ΑΛΙΜΟΣ 17455",ΣΗΜΕΙΟ ΛΙΑΝΙΚΗΣ
23.6265166257742,37.9594716695279,"326","60001202","ΕΛΕΥΘΕΡΙΟΥ ΒΕΝΙΖΕΛΟΥ 200,ΚΕΡΑΤΣΙΝΙ 18756",ΣΗΜΕΙΟ ΛΙΑΝΙΚΗΣ
23.7377954315945,38.0422772988516,"327","60001203","ΠΙΝΔΟΥ 34,ΝΕΑ ΦΙΛΑΔΕΛΦΕΙΑ 14342",ΣΗΜΕΙΟ ΛΙΑΝΙΚΗΣ
23.735438252289,37.9980723205911,"328","60001204","ΕΠΤΑΝΗΣΟΥ 18,ΑΘΗΝΑ 11361",ΣΗΜΕΙΟ ΛΙΑΝΙΚΗΣ
23.6746321890222,37.9619711228846,"329","60001205","ΜΠΙΧΑΚΗ ΚΑΙ ΚΥΠΡΟΥ,ΝΙΚΑΙΑΣ - ΑΓΙΟΥ ΙΩΑΝΝΗ ΡΕΝΤΗ 18755",ΣΗΜΕΙΟ ΛΙΑΝΙΚΗΣ
23.6917118575192,38.01671817805,"330","60001206","ΘΗΒΩΝ & ΚΑΡΚΑΒΙΤΣΑ,ΠΕΡΙΣΤΕΡΙ 12135",ΣΗΜΕΙΟ ΛΙΑΝΙΚΗΣ
23.7416716620455,37.9605361963333,"331","60001207","ΦΙΛΟΛΑΟΥ 165,ΑΘΗΝΑ 11632",ΣΗΜΕΙΟ ΛΙΑΝΙΚΗΣ
23.7618460266963,37.9868512360687,"332","60001208","ΛΕΩΦΟΡΟΣ ΚΗΦΙΣΙΑΣ 8,ΑΘΗΝΑ 11526",ΣΗΜΕΙΟ ΛΙΑΝΙΚΗΣ
23.7700377637722,37.9822462009865,"333","60001209","ΠΛΑΤΕΙΑ ΕΛΕΥΘΕΡΙΑΣ,ΖΩΓΡΑΦΟΥ 15773",ΣΗΜΕΙΟ ΛΙΑΝΙΚΗΣ
23.6499392984924,37.9429790948229,"334","60001210","ΚΟΥΝΤΟΥΡΙΩΤΟΥ 125,ΠΕΙΡΑΙΑΣ 18532",ΣΗΜΕΙΟ ΛΙΑΝΙΚΗΣ
23.6482271095608,37.9435840933956,"335","60001211","ΤΣΑΜΑΔΟΥ 48,ΠΕΙΡΑΙΑΣ 18532",ΣΗΜΕΙΟ ΛΙΑΝΙΚΗΣ
23.7664256380147,37.9928088899512,"336","60001212","ΛΕΩΦΟΡΟΣ ΚΗΦΙΣΙΑΣ 87,ΑΘΗΝΑ 11523",ΣΗΜΕΙΟ ΛΙΑΝΙΚΗΣ
23.8518239804995,37.8196220336742,"337","60001213","ΑΓΙΑΣ ΜΑΡΙΝΑΣ 112,ΚΟΡΩΠΙ 19400",ΣΗΜΕΙΟ ΛΙΑΝΙΚΗΣ
23.6373404266326,37.9296317295095,"338","60001214","ΑΓΙΑΣ ΠΑΡΑΣΚΕΥΗΣ 38,ΠΕΙΡΑΙΑΣ 18539",ΣΗΜΕΙΟ ΛΙΑΝΙΚΗΣ
23.7097239772811,37.9487667576189,"339","60001215","ΚΩΝΣΤΑΝΤΙΝΟΥ ΠΑΛΑΙΟΛΟΓΟΥ 10,ΝΕΑ ΣΜΥΡΝΗ 17121",ΣΗΜΕΙΟ ΛΙΑΝΙΚΗΣ
23.7307750976491,37.9856497349475,"340","60001216","ΚΑΝΙΓΓΟΣ 19,ΑΘΗΝΑ 10677",ΣΗΜΕΙΟ ΛΙΑΝΙΚΗΣ
23.6940492738885,37.9292561913197,"341","60001217","ΝΑΙΑΔΩΝ 49,ΠΑΛΑΙΟ ΦΑΛΗΡΟ 17561",ΣΗΜΕΙΟ ΛΙΑΝΙΚΗΣ
23.7328223581817,38.0294581662758,"342","60001218","ΚΡΗΤΗΣ 28,ΝΕΑ ΧΑΛΚΗΔΟΝΑ 14343",ΣΗΜΕΙΟ ΛΙΑΝΙΚΗΣ
23.7380748076479,38.0053711215905,"343","60001219","ΑΓΙΑΣ ΖΩΝΗΣ 58,ΑΘΗΝΑ 11364",ΣΗΜΕΙΟ ΛΙΑΝΙΚΗΣ
23.7584270387249,37.9684066997869,"344","60001220","ΕΘΝ.ΑΝΤΙΣΤΑΣΕΩΣ 74,ΚΑΙΣΑΡΙΑΝΗ 16121",ΣΗΜΕΙΟ ΛΙΑΝΙΚΗΣ
23.8027049990792,38.0407448945189,"345","60001221","ΛΕΩΦΟΡΟΣ ΚΗΦΙΣΙΑΣ 46,ΜΑΡΟΥΣΙ 15125",ΣΗΜΕΙΟ ΛΙΑΝΙΚΗΣ
23.6424033315739,37.9472812773765,"346","60001222","ΑΚΤΗ ΠΟΣΕΙΔΩΝΟΣ 36,ΠΕΙΡΑΙΑΣ 18531",ΣΗΜΕΙΟ ΛΙΑΝΙΚΗΣ
23.7347528377272,37.9178573403971,"347","60001223","ΛΕΩΦΟΡΟΣ ΙΩΝΙΑΣ 103,ΑΛΙΜΟΣ 17456",ΣΗΜΕΙΟ ΛΙΑΝΙΚΗΣ
23.8282351194538,38.0057972341659,"348","60001224","ΑΓΙΟΥ ΙΩΑΝΝΟΥ 82,ΑΓΙΑ ΠΑΡΑΣΚΕΥΗ 15342",ΣΗΜΕΙΟ ΛΙΑΝΙΚΗΣ
23.7284772071524,38.0127746522312,"349","60001225","ΑΧΑΡΝΩΝ 309,ΑΘΗΝΑ 11145",ΣΗΜΕΙΟ ΛΙΑΝΙΚΗΣ
23.8168651429027,38.0839533254756,"350","60001226","ΔΙΟΝΥΣΟΥ 68,ΚΗΦΙΣΙΑ 14564",ΣΗΜΕΙΟ ΛΙΑΝΙΚΗΣ
23.7622987775995,37.9912542119563,"351","60001227","ΑΧΑΙΑΣ 25,ΑΘΗΝΑ 11523",ΣΗΜΕΙΟ ΛΙΑΝΙΚΗΣ
23.6505465596244,37.9767097222877,"352","60001228","ΑΓΙΟΥ ΓΕΩΡΓΙΟΥ 60,ΚΟΡΥΔΑΛΛΟΣ 18120",ΣΗΜΕΙΟ ΛΙΑΝΙΚΗΣ
23.7284439694869,38.0126656572986,"353","60001229","ΑΧΑΡΝΩΝ 309,ΑΘΗΝΑ 11145",ΣΗΜΕΙΟ ΛΙΑΝΙΚΗΣ
23.7477945790221,38.0225163043641,"354","60001230","ΤΡΑΛΛΕΩΝ 69 (ΕΝΑΝΤΙ),ΓΑΛΑΤΣΙ 11142",ΣΗΜΕΙΟ ΛΙΑΝΙΚΗΣ
23.7116769147088,37.9132692400616,"355","60001231","ΘΟΥΚΥΔΙΔΟΥ 38,ΑΛΙΜΟΣ 17455",ΣΗΜΕΙΟ ΛΙΑΝΙΚΗΣ
23.6798567907147,37.9547742518892,"356","60001233","ΣΤΑΘΜΟΣ ΗΛΕΚΤΡΙΚΟΥ ΜΟΣΧΑΤΟΥ,ΜΟΣΧΑΤΟ 18344",ΣΗΜΕΙΟ ΛΙΑΝΙΚΗΣ
23.6985282738951,37.9533717680026,"357","60001234","ΕΛ.ΒΕΝΙΖΕΛΟΥ 195,ΚΑΛΛΙΘΕΑ 17676",ΣΗΜΕΙΟ ΛΙΑΝΙΚΗΣ
23.7361793623984,38.0078541480798,"358","60001235","Ι.ΔΡΟΣΟΠΟΥΛΟΥ 142,ΑΘΗΝΑ 11256",ΣΗΜΕΙΟ ΛΙΑΝΙΚΗΣ
23.614254622146,37.9654251721629,"359","60001236","ΠΛΑΤΕΙΑ ΟΛΥΜΠΟΥ ΚΑΡΠΑΘΟΥ,ΚΕΡΑΤΣΙΝΙ - ΔΡΑΠΕΤΣΩΝΑ 18758",ΣΗΜΕΙΟ ΛΙΑΝΙΚΗΣ
23.7030530879812,37.9566257729383,"360","60001238","ΘΗΣΕΩΣ 161,ΚΑΛΛΙΘΕΑ 17673",ΣΗΜΕΙΟ ΛΙΑΝΙΚΗΣ
23.7553781566506,37.9459792437675,"361","60001239","ΠΛΑΤΕΙΑ ΑΝΕΞΑΡΤΗΣΙΑΣ 6,ΗΛΙΟΥΠΟΛΗ 16344",ΣΗΜΕΙΟ ΛΙΑΝΙΚΗΣ
23.7544771464206,37.9698917528152,"362","60001240","ΛΕΩΦΟΡΟΣ ΒΑΣΙΛΕΩΣ ΑΛΕΞΑΝΔΡΟΥ ΚΑΙ ΥΜΗΤΤΟΥ, ΚΑΙΣΑΡΙΑΝΗ 16121",ΣΗΜΕΙΟ ΛΙΑΝΙΚΗΣ
23.7655946963769,37.9831532118401,"363","60001241","ΜΙΚΡΑΣ ΑΣΙΑΣ 68,ΑΘΗΝΑ 11527",ΣΗΜΕΙΟ ΛΙΑΝΙΚΗΣ
23.7303717540866,37.9937950597782,"364","60001242","3ης ΣΕΠΤΕΜΒΡΙΟΥ 96  (ΕΝΑΝΤΙ),ΑΘΗΝΑ 10434",ΣΗΜΕΙΟ ΛΙΑΝΙΚΗΣ
23.7552937150139,37.985190228139,"365","60001243","ΠΛ. ΕΛΕΝΑΣ ΒΕΝΙΖΕΛΟΥ 2,ΑΘΗΝΑ 11521",ΣΗΜΕΙΟ ΛΙΑΝΙΚΗΣ
23.7565612378798,37.9688096570593,"366","60001244","ΛΕΩΦΟΡΟΣ ΕΘΝΙΚΗΣ ΑΝΤΙΣΤΑΣΕΩΣ 35,ΚΑΙΣΑΡΙΑΝΗ 16121",ΣΗΜΕΙΟ ΛΙΑΝΙΚΗΣ
23.7572825850529,37.9868321198231,"367","60001245","ΧΡΗΣΤΟΥ ΒΟΥΡΝΑΖΟΥ 31,ΑΘΗΝΑ 11521",ΣΗΜΕΙΟ ΛΙΑΝΙΚΗΣ
23.8584319877295,38.0642919885808,"368","60001246","28ης ΟΚΤΩΒΡΙΟΥ 65,ΠΕΝΤΕΛΗ 15236",ΣΗΜΕΙΟ ΛΙΑΝΙΚΗΣ
23.7284592408467,37.9241508073434,"369","60001247","ΑΡΓΟΣΤΟΛΙΟΥ 45,ΑΓΙΟΣ ΔΗΜΗΤΡΙΟΣ 173 42",ΣΗΜΕΙΟ ΛΙΑΝΙΚΗΣ
23.7344456139001,38.0152489351535,"370","60001248","ΑΓ.ΛΟΥΚΑ 57,ΑΘΗΝΑ 11144",ΣΗΜΕΙΟ ΛΙΑΝΙΚΗΣ
23.6879317468036,38.0405029330086,"371","60001249","25ΗΣ ΜΑΡΤΙΟΥ 106,ΠΕΤΡΟΥΠΟΛΗ 13231",ΣΗΜΕΙΟ ΛΙΑΝΙΚΗΣ
23.776667330569,38.0344451448267,"372","60001250","ΜΑΚΕΔΟΝΟΜΑΧΩΝ 1-3,ΝΕΑ ΙΩΝΙΑ 142 35",ΣΗΜΕΙΟ ΛΙΑΝΙΚΗΣ
23.7328268497581,37.9927621651365,"373","60001251","ΜΑΥΡΟΜΑΤΑΙΩΝ 22,ΑΘΗΝΑ 10434",ΣΗΜΕΙΟ ΛΙΑΝΙΚΗΣ
23.7172249099035,37.9828777819387,"374","60001252","ΜΕΓΑΛΟΥ ΑΛΕΞΑΝΔΡΟΥ 63,ΑΘΗΝΑ 10435",ΣΗΜΕΙΟ ΛΙΑΝΙΚΗΣ
23.6678490103119,37.9762671541664,"375","60001253","ΘΗΒΩΝ 255,ΝΙΚΑΙΑ 18454",ΣΗΜΕΙΟ ΛΙΑΝΙΚΗΣ
23.7416060850298,38.0199339903502,"376","60001254","ΠΛΑΤΕΙΑ ΠΑΠΑΔΙΑΜΑΝΤΗ 10,ΑΘΗΝΑ 11141",ΣΗΜΕΙΟ ΛΙΑΝΙΚΗΣ
24.0083832665312,37.9760511799543,"377","60001255","ΛΕΩΦΟΡΟΣ ΑΡΤΕΜΙΔΟΣ 76,ΑΡΤΕΜΙΔΑ 19016",ΣΗΜΕΙΟ ΛΙΑΝΙΚΗΣ
23.8578382013267,38.1298278287923,"378","60001256","ΑΘΗΝΩΝ ΧΑΛΚΙΔΟΣ 2,ΔΙΟΝΥΣΟΣ 14569",ΣΗΜΕΙΟ ΛΙΑΝΙΚΗΣ
23.7373247143857,38.0837631231374,"379","60001257","ΛΕΩΦΟΡΟΣ ΠΑΡΝΗΘΟΣ&ΑΓΙΑΣ ΤΡΙΑΔΟΣ ,ΑΧΑΡΝΕΣ 13673",ΣΗΜΕΙΟ ΛΙΑΝΙΚΗΣ
23.6790590867424,38.0340319347602,"380","60001258","ΠΕΡΙΚΛΕΟΥΣ 72,ΠΕΤΡΟΥΠΟΛΗ 13231",ΣΗΜΕΙΟ ΛΙΑΝΙΚΗΣ
23.8537993758093,37.955134076772,"381","60001259","ΙΩΑΝΝΟΥ ΜΕΤΑΞΑ 8,ΠΑΙΑΝΙΑ 19002",ΣΗΜΕΙΟ ΛΙΑΝΙΚΗΣ
23.7416393226953,38.0023457926684,"382","60001260","ΠΛΑΤΕΙΑΣ ΚΥΨΕΛΗΣ 1,ΑΘΗΝΑ 11257",ΣΗΜΕΙΟ ΛΙΑΝΙΚΗΣ
23.7709666217759,37.8906136927972,"383","60001261","ΛΕΩΦΟΡΟΣ ΚΩΝΣΤΑΝΤΙΝΟΥ ΑΘΑΝΑΤΟΥ 60,ΓΛΥΦΑΔΑ 16561",ΣΗΜΕΙΟ ΛΙΑΝΙΚΗΣ
23.6797229417374,38.0448170858238,"384","60001262","ΒΑΛΤΕΤΣΙΟΥ 98,ΠΕΤΡΟΥΠΟΛΗ 13231",ΣΗΜΕΙΟ ΛΙΑΝΙΚΗΣ
23.6415238809107,37.9493660415747,"385","60001263","ΑΚΤΗ ΚΟΝΔΥΛΗ & ΑΓΙΟΥ ΔΙΟΝΥΣΙΟΥ,ΠΕΙΡΑΙΑΣ 18545",ΣΗΜΕΙΟ ΛΙΑΝΙΚΗΣ
23.5633578747784,37.9636043269834,"386","60001265","ΛΕΩΦΟΡΟΣ ΔΗΜΟΚΡΑΤΙΑΣ 30,ΠΕΡΑΜΑ 18863",ΣΗΜΕΙΟ ΛΙΑΝΙΚΗΣ
23.6264483538126,37.9600857397679,"387","60001266","ΚΑΡΑΟΛΗ ΚΑΙ ΔΗΜΗΤΡΙΟΥ 23,ΚΕΡΑΤΣΙΝΙ 18756",ΣΗΜΕΙΟ ΛΙΑΝΙΚΗΣ
23.7138921601994,37.95958782623,"388","60001267","ΓΡΗΓΟΡΙΟΥ ΛΑΜΠΡΑΚΗ 7,ΚΑΛΛΙΘΕΑ 17676",ΣΗΜΕΙΟ ΛΙΑΝΙΚΗΣ
23.7254040705654,37.9550561620847,"389","60001268","ΣΟΥΛΙΩΤΩΝ 2,ΑΘΗΝΑ 11744",ΣΗΜΕΙΟ ΛΙΑΝΙΚΗΣ
23.662875936899,37.9570712926512,"390","60001269","ΑΓΙΟΥ ΕΛΕΥΘΕΡΙΟΥ 124,ΠΕΙΡΑΙΑΣ 18541",ΣΗΜΕΙΟ ΛΙΑΝΙΚΗΣ
23.6498539585404,37.9857226610331,"391","60001270","ΜΙΚΡΑΣ ΑΣΙΑΣ 13,ΚΟΡΥΔΑΛΛΟΣ 18121",ΣΗΜΕΙΟ ΛΙΑΝΙΚΗΣ
23.722339018816,37.9132267169406,"392","60001271","ΛΕΩΦΟΡΟΣ ΑΓΙΟΥ ΔΗΜΗΤΡΙΟΥ 284,ΑΓΙΟΣ ΔΗΜΗΤΡΙΟΣ 17342",ΣΗΜΕΙΟ ΛΙΑΝΙΚΗΣ
23.7269644442139,37.9835298906484,"393","60001272","ΠΕΙΡΑΙΩΣ 1,ΑΘΗΝΑ 10552",ΣΗΜΕΙΟ ΛΙΑΝΙΚΗΣ
23.771890089888,37.9707181856247,"394","60001273","ΕΘΝΙΚΗΣ ΑΝΤΙΣΤΑΣΕΩΣ 56,ΖΩΓΡΑΦΟΥ 15772",ΣΗΜΕΙΟ ΛΙΑΝΙΚΗΣ
23.7012672371964,37.9581726851126,"395","60001274","ΛΑΣΚΑΡΙΔΟΥ 103,ΚΑΛΛΙΘΕΑ 17676",ΣΗΜΕΙΟ ΛΙΑΝΙΚΗΣ
23.8087389828426,38.018401826253,"396","60001275","ΑΓΙΑΣ ΠΑΡΑΣΚΕΥΗΣ 101,ΧΑΛΑΝΔΡΙ 15232",ΣΗΜΕΙΟ ΛΙΑΝΙΚΗΣ
23.7439542811825,37.9175852089727,"397","60001276","ΛΕΩΦΟΡΟΣ ΒΟΥΛΙΑΓΜΕΝΗΣ 560,ΑΛΙΜΟΣ 17456",ΣΗΜΕΙΟ ΛΙΑΝΙΚΗΣ
23.5414847959253,38.0406161314755,"398","60001277","ΚΟΝΤΟΥΛΗ 49,ΕΛΕΥΣΙΝΑ 19200",ΣΗΜΕΙΟ ΛΙΑΝΙΚΗΣ
23.6777026306634,37.9475632163268,"399","60001278","ΣΤΡΑΤΗΓΟΥ ΜΑΚΡΥΓΙΑΝΝΗ 32,ΜΟΣΧΑΤΟ 18344",ΣΗΜΕΙΟ ΛΙΑΝΙΚΗΣ
23.7167299381819,37.9938538189402,"400","60001279","ΙΩΑΝΝΙΝΩΝ 68,ΑΘΗΝΑ 10444",ΣΗΜΕΙΟ ΛΙΑΝΙΚΗΣ
23.6660739393104,37.9446658524326,"401","60001280","ΣΤΑΘΜΟΣ ΝEOY ΦΑΛΗΡΟΥ,Ν.ΦΑΛΗΡΟ",ΣΗΜΕΙΟ ΛΙΑΝΙΚΗΣ
23.7622727264562,37.9586599840309,"402","60001281","ΠΛΑΤΕΙΑ ΧΡΗΣΤΟΥ ΛΑΔΑ,ΒΥΡΩΝΑΣ 16231",ΣΗΜΕΙΟ ΛΙΑΝΙΚΗΣ
23.8212444299128,38.0065899951585,"403","60001282","ΕΙΡΗΝΗΣ 73,ΑΓΙΑ ΠΑΡΑΣΚΕΥΗ 15341",ΣΗΜΕΙΟ ΛΙΑΝΙΚΗΣ
23.8219352343663,38.012565155334,"404","60001283","ΑΓΙΟΥ ΙΩΑΝΝΟΥ 9,ΑΓΙΑ ΠΑΡΑΣΚΕΥΗ 15341",ΣΗΜΕΙΟ ΛΙΑΝΙΚΗΣ
23.6489439651576,37.9404577415189,"405","60001284","ΓΡΗΓΟΡΙΟΥ ΛΑΜΠΡΑΚΗ 152,ΠΕΙΡΑΙΑΣ 18535",ΣΗΜΕΙΟ ΛΙΑΝΙΚΗΣ
23.6996736258824,38.0449628202309,"406","60001285","ΑΓΙΟΥ ΝΙΚΟΛΑΟΥ 103,ΙΛΙΟΝ 13121",ΣΗΜΕΙΟ ΛΙΑΝΙΚΗΣ
24.0048771419773,37.9697607407614,"407","60001286","ΚΩΝΣΤΑΝΤΙΝΟΥ ΚΑΡΑΜΑΝΛΗ 5,ΑΡΤΕΜΙΔΑ 19016",ΣΗΜΕΙΟ ΛΙΑΝΙΚΗΣ
24.0055436919181,37.9599022983309,"408","60001288","ΛΕΩΦΟΡΟΣ ΒΡΑΥΡΩΝΟΣ 98,ΑΡΤΕΜΙΔΑ 19016",ΣΗΜΕΙΟ ΛΙΑΝΙΚΗΣ
23.6156748586102,37.9591366555714,"409","60001290","ΛΕΩΦΟΡΟΣ ΔΗΜΟΚΡΑΤΙΑΣ 143,ΚΕΡΑΤΣΙΝΙ 18863",ΣΗΜΕΙΟ ΛΙΑΝΙΚΗΣ
23.5885816696412,38.058930753279,"410","60001291","ΛΕΩΦΟΡΟΣ ΔΗΜΟΚΡΑΤΙΑΣ & 28ΗΣ ΟΚΤΩΒΡΙΟΥ,ΑΣΠΡΟΠΥΡΓΟΣ 19300",ΣΗΜΕΙΟ ΛΙΑΝΙΚΗΣ
23.7545112824014,37.8459903389103,"411","60001292","ΚΩΝΣΤΑΝΤΙΝΟΥ ΚΑΡΑΜΑΝΛΗ 15,ΒΟΥΛΑ 16673",ΣΗΜΕΙΟ ΛΙΑΝΙΚΗΣ
23.8191513553008,38.0131780736238,"412","60001293","ΗΡΩΩΝ ΠΟΛΥΤΕΧΝΕΙΟΥ 4,ΑΓΙΑ ΠΑΡΑΣΚΕΥΗ 15342",ΣΗΜΕΙΟ ΛΙΑΝΙΚΗΣ
23.7185589081004,37.9431073209317,"413","60001294","ΑΡΤΑΚΗΣ 119,ΝΕΑ ΣΜΥΡΝΗ 17124",ΣΗΜΕΙΟ ΛΙΑΝΙΚΗΣ
23.7232175711638,37.9232083451736,"414","60001295","ΛΕΩΦΟΡΟΣ ΑΓΙΟΥ ΔΗΜΗΤΡΙΟΥ 309,ΑΓΙΟΣ ΔΗΜΗΤΡΙΟΣ 17342",ΣΗΜΕΙΟ ΛΙΑΝΙΚΗΣ
23.7338239797235,38.0023528712627,"415","60001296","ΠΛΑΤΕΙΑ ΑΜΕΡΙΚΗΣ 2,ΑΘΗΝΑ 11252",ΣΗΜΕΙΟ ΛΙΑΝΙΚΗΣ
23.7248300470988,37.9422387794886,"416","60001297","ΔΙΓΕΝΗ ΑΚΡΙΤΑ 39,ΝΕΑ ΣΜΥΡΝΗ 17124",ΣΗΜΕΙΟ ΛΙΑΝΙΚΗΣ
23.6551980361656,37.9368962445815,"417","60001298","ΛΕΩΦΟΡΟΣ ΑΛΕΞΑΝΔΡΟΥ ΠΑΠΑΝΑΣΤΑΣΙΟΥ 1,ΠΕΙΡΑΙΑΣ 18534",ΣΗΜΕΙΟ ΛΙΑΝΙΚΗΣ
23.7027638304597,37.9552403239397,"418","60001299","ΣΥΝΤΑΓΜΑΤΑΡΧΟΥ ΔΑΒΑΚΗ 56,ΚΑΛΛΙΘΕΑ 17675",ΣΗΜΕΙΟ ΛΙΑΝΙΚΗΣ
23.6515993851374,37.978135835647,"419","60001300","ΤΑΞΙΑΡΧΩΝ 44,ΚΟΡΥΔΑΛΛΟΣ 18120",ΣΗΜΕΙΟ ΛΙΑΝΙΚΗΣ
23.6518778628755,37.9700751692977,"420","60001301","ΓΕΡΒΑΣΙΟΥ ΓΡΕΒΕΝΩΝ 2,ΝΙΚΑΙΑ 18450",ΣΗΜΕΙΟ ΛΙΑΝΙΚΗΣ
23.7382167414628,38.035045144335,"421","60001302","ΛΕΩΦΟΡΟΣ ΔΕΚΕΛΕΙΑΣ 104,ΝΕΑ ΦΙΛΑΔΕΛΦΕΙΑ 14341",ΣΗΜΕΙΟ ΛΙΑΝΙΚΗΣ
23.8005912632156,38.022543195618,"422","60001303","ΚΩΣΤΑ ΒΑΡΝΑΛΗ 1,ΧΑΛΑΝΔΡΙ 15233",ΣΗΜΕΙΟ ΛΙΑΝΙΚΗΣ
23.714361979093,38.0298070110916,"423","60001304","ΙΛΙΟΥ 7,ΙΛΙΟΝ 13122",ΣΗΜΕΙΟ ΛΙΑΝΙΚΗΣ
23.6764908033451,37.982751041354,"424","60001305","ΜΙΝΩΟΣ 49,ΑΙΓΑΛΕΩ 12241",ΣΗΜΕΙΟ ΛΙΑΝΙΚΗΣ
23.6959276511476,38.0132828212715,"425","60001306","ΛΕΩΦΟΡΟΣ ΠΑΝΑΓΗ ΤΣΑΛΔΑΡΗ 53,ΠΕΡΙΣΤΕΡΙ 12134",ΣΗΜΕΙΟ ΛΙΑΝΙΚΗΣ
23.7420821921304,37.9899812771164,"426","60001307","ΛΕΩΦΟΡΟΣ ΑΛΕΞΑΝΔΡΑΣ 76,ΑΘΗΝΑ 11473",ΣΗΜΕΙΟ ΛΙΑΝΙΚΗΣ
23.710444426139,37.96191517119,"427","60001309","ΘΗΣΕΩΣ 58,ΚΑΛΛΙΘΕΑ 17676",ΣΗΜΕΙΟ ΛΙΑΝΙΚΗΣ
23.7147662209709,37.9470758437917,"428","60001310","25ης ΜΑΡΤΙΟΥ 27,ΝΕΑ ΣΜΥΡΝΗ 17121",ΣΗΜΕΙΟ ΛΙΑΝΙΚΗΣ
23.7055917269741,37.9509400241453,"429","60001311","ΦΙΛΑΡΕΤΟΥ 19,ΚΑΛΛΙΘΕΑ 17672",ΣΗΜΕΙΟ ΛΙΑΝΙΚΗΣ
23.7636983528121,37.9823488686637,"430","60001312","ΜΙΚΡΑΣ ΑΣΙΑΣ 60,ΑΘΗΝΑ 11525",ΣΗΜΕΙΟ ΛΙΑΝΙΚΗΣ
23.7583012745851,37.9898347253583,"431","60001313","ΠΑΝΟΡΜΟΥ 27,ΑΘΗΝΑ 11526",ΣΗΜΕΙΟ ΛΙΑΝΙΚΗΣ
23.7632851277814,37.9923678348333,"432","60001314","ΛΟΥΙΖΗΣ ΡΙΑΝΚΟΥΡ 62,ΑΘΗΝΑ 11523",ΣΗΜΕΙΟ ΛΙΑΝΙΚΗΣ
23.7666645898803,37.9925002224426,"433","60001315","ΛΕΩΦΟΡΟΣ ΚΗΦΙΣΙΑΣ 92,ΑΘΗΝΑ 11526",ΣΗΜΕΙΟ ΛΙΑΝΙΚΗΣ
23.7347573293037,37.9806381940025,"434","60001316","ΑΚΑΔΗΜΙΑΣ 49,ΑΘΗΝΑ 10672",ΣΗΜΕΙΟ ΛΙΑΝΙΚΗΣ
23.7031357329874,37.930951057905,"435","60001317","ΠΛΑΤΕΙΑ ΝΤΑΒΑΡΗ & ΑΡΕΩΣ,ΠΑΛΑΙΟ ΦΑΛΗΡΟ 17562",ΣΗΜΕΙΟ ΛΙΑΝΙΚΗΣ
24.0052355697756,37.9316092961408,"436","60001318","ΛΕΩΦΟΡΟΣ ΒΡΑΥΡΩΝΟΣ & ΑΙΑΝΤΟΣ,ΑΡΤΕΜΙΔΑ 19016",ΣΗΜΕΙΟ ΛΙΑΝΙΚΗΣ
23.7405604460391,37.990183758774,"437","60001319","ΛΕΩΦΟΡΟΣ ΑΛΕΞΑΝΔΡΑΣ 66,ΑΘΗΝΑ 11473",ΣΗΜΕΙΟ ΛΙΑΝΙΚΗΣ
23.7359071728673,38.0866839825649,"438","60001320","ΑΓΙΑΣ ΤΡΙΑΔΟΣ & ΑΓ.ΓΕΩΡΓΙΟΥ,ΑΧΑΡΝΕΣ 13671",ΣΗΜΕΙΟ ΛΙΑΝΙΚΗΣ
23.8148142891091,38.0330321548702,"439","60001321","ΡΟΔΟΔΑΦΝΗΣ 54,ΜΑΡΟΥΣΙ 15125",ΣΗΜΕΙΟ ΛΙΑΝΙΚΗΣ
23.8070465568473,38.0671273432621,"440","60001322","ΚΟΡΑΗ 15,ΚΗΦΙΣΙΑ 14561",ΣΗΜΕΙΟ ΛΙΑΝΙΚΗΣ
23.6522722232852,37.9789218147798,"441","60001323","ΤΑΞΙΑΡΧΩΝ 53,ΚΟΡΥΔΑΛΛΟΣ 18121",ΣΗΜΕΙΟ ΛΙΑΝΙΚΗΣ
23.6364169585205,37.9550788281841,"442","60001324","ΡΟΔΟΠΗΣ 59,ΠΕΙΡΑΙΑΣ 18545",ΣΗΜΕΙΟ ΛΙΑΝΙΚΗΣ
23.7433407318434,37.9452212483968,"443","60001325","ΠΛΟΥΤΩΝΟΣ & ΑΡΙΣΤΟΦΑΝΟΥΣ,ΔΑΦΝΗ 17236",ΣΗΜΕΙΟ ΛΙΑΝΙΚΗΣ
23.7121566150705,37.9519912160455,"444","60001326","ΝΙΚΟΛΑΟΥ ΠΛΑΣΤΗΡΑ 34,ΝΕΑ ΣΜΥΡΝΗ 17121",ΣΗΜΕΙΟ ΛΙΑΝΙΚΗΣ
23.6528462467518,37.9443123520497,"445","60001328","ΓΡΗΓΟΡΙΟΥ ΛΑΜΠΡΑΚΗ 41,ΠΕΙΡΑΙΑΣ 18534",ΣΗΜΕΙΟ ΛΙΑΝΙΚΗΣ
23.6411322154469,37.9541502206988,"446","60001329","ΑΝΤΙΠΛΟΙΑΡΧΟΥ ΠΑΝΑΓΙΩΤΗ ΒΛΑΧΑΚΟΥ & ΜΗΛΟΥ,ΠΕΙΡΑΙΑΣ 18545",ΣΗΜΕΙΟ ΛΙΑΝΙΚΗΣ
23.6422155836795,37.9329158355239,"447","60001330","ΣΑΧΤΟΥΡΗ 85,ΠΕΙΡΑΙΑΣ 18537",ΣΗΜΕΙΟ ΛΙΑΝΙΚΗΣ
23.6454953327818,37.939983074155,"448","60001331","2ΑΣ ΜΕΡΑΡΧΙΑΣ 24,ΠΕΙΡΑΙΑΣ 18535",ΣΗΜΕΙΟ ΛΙΑΝΙΚΗΣ
23.6328946642915,37.9351703407419,"449","60001332","ΛΕΩΦΟΡΟΣ ΧΑΤΖΗΚΥΡΙΑΚΟΥ 99,ΠΕΙΡΑΙΑΣ 18539",ΣΗΜΕΙΟ ΛΙΑΝΙΚΗΣ
23.7274935519163,38.0371967530976,"450","60001333","ΑΓΙΑΣ ΠΑΡΑΣΚΕΥΗΣ 86,ΑΓΙΟΙ ΑΝΑΡΓΥΡΟΙ 13562",ΣΗΜΕΙΟ ΛΙΑΝΙΚΗΣ
23.6750022949193,38.0270197441586,"451","60001334","ΑΙΓΛΗΣ 67,ΠΕΡΙΣΤΕΡΙ 12137",ΣΗΜΕΙΟ ΛΙΑΝΙΚΗΣ
23.6925859182907,38.0184641042173,"452","60001335","ΘΗΒΩΝ & ΑΡΙΣΤΟΤΕΛΟΥΣ,ΠΕΡΙΣΤΕΡΙ 12137",ΣΗΜΕΙΟ ΛΙΑΝΙΚΗΣ
23.7299908684061,37.9928782691666,"453","60001336","ΠΛΑΤΕΙΑΣ ΒΙΚΤΩΡΙΑΣ 1,ΑΘΗΝΑ 10434",ΣΗΜΕΙΟ ΛΙΑΝΙΚΗΣ
23.702508708919,37.9425292390255,"454","60001337","ΔΗΜΗΤΡΙΟΥ ΓΟΥΝΑΡΗ 64,ΝΕΑ ΣΜΥΡΝΗ 17122",ΣΗΜΕΙΟ ΛΙΑΝΙΚΗΣ
23.8808108180875,38.0025270044663,"455","60001338","ΜΕΓΑΛΟΥ ΑΛΕΞΑΝΔΡΟΥ & ΕΘΝΙΚΗΣ ΑΝΤΙΣΤΑΣΕΩΣ,ΠΑΛΛΗΝΗ 15351",ΣΗΜΕΙΟ ΛΙΑΝΙΚΗΣ
23.7329580037896,37.9968632162103,"456","60001339","ΠΙΠΙΝΟΥ 22,ΑΘΗΝΑ 11257",ΣΗΜΕΙΟ ΛΙΑΝΙΚΗΣ
23.6386941877658,37.9648146876787,"457","60001340","ΤΖΑΒΕΛΛΑ 62,ΝΙΚΑΙΑ 18450",ΣΗΜΕΙΟ ΛΙΑΝΙΚΗΣ
23.6417197136427,37.945627874923,"458","60001341","ΠΛΑΤΕΙΑ ΚΑΡΑΙΣΚΑΚΗ,ΠΕΙΡΑΙΑΣ 18531",ΣΗΜΕΙΟ ΛΙΑΝΙΚΗΣ
23.7393710766029,37.9848602877311,"459","60001342","ΙΠΠΟΚΡΑΤΟΥΣ 93,ΑΘΗΝΑ 10680",ΣΗΜΕΙΟ ΛΙΑΝΙΚΗΣ
23.6007439602728,38.0620329618562,"460","60001343","ΝΙΚΗΣ 6,ΑΣΠΡΟΠΥΡΓΟΣ 19300",ΣΗΜΕΙΟ ΛΙΑΝΙΚΗΣ
23.6882416655767,38.0108806652768,"461","60001344","ΘΗΒΩΝ 131,ΠΕΡΙΣΤΕΡΙ 12136",ΣΗΜΕΙΟ ΛΙΑΝΙΚΗΣ
23.6609813899648,37.9940902709958,"462","60001346","ΛΕΩΦΟΡΟΣ ΕΛΕΥΘΕΡΙΟΥ ΒΕΝΙΖΕΛΟΥ 13,ΑΓΙΑ ΒΑΡΒΑΡΑ 12351",ΣΗΜΕΙΟ ΛΙΑΝΙΚΗΣ
23.6687464272807,37.9968023357203,"463","60001347","ΙΕΡΑ ΟΔΟΣ 358,ΑΙΓΑΛΕΩ 12243",ΣΗΜΕΙΟ ΛΙΑΝΙΚΗΣ
23.6441936739351,37.954327301598,"464","60001348","ΠΑΛΑΜΗΔΙΟΥ 13,ΠΕΙΡΑΙΑΣ 18545",ΣΗΜΕΙΟ ΛΙΑΝΙΚΗΣ
23.735036705357,38.0100631782102,"465","60001349","ΠΛΑΤΕΙΑ ΚΟΛΙΑΤΣΟΥ,ΑΘΗΝΑ 11254",ΣΗΜΕΙΟ ΛΙΑΝΙΚΗΣ
23.6493769531245,37.9772698326761,"466","60001350","ΣΚΟΥΦΑ & ΔΙΑΜΑΝΤΙΔΗ,ΚΟΡΥΔΑΛΛΟΣ 18120",ΣΗΜΕΙΟ ΛΙΑΝΙΚΗΣ
23.7764391584868,37.9759662063196,"467","60001351","ΓΡΗΓΟΡΙΟΥ ΚΟΥΣΙΔΗ 22,ΖΩΓΡΑΦΟΥ 15772",ΣΗΜΕΙΟ ΛΙΑΝΙΚΗΣ
23.7487387083857,37.964571059043,"468","60001352","ΦΙΛΟΛΑΟΥ 76,ΠΑΓΚΡΑΤΙ 11633",ΣΗΜΕΙΟ ΛΙΑΝΙΚΗΣ
23.7123147185605,37.9382820395129,"469","60001353","ΛΕΩΦΟΡΟΣ ΕΛΕΥΘΕΡΙΟΥ ΒΕΝΙΖΕΛΟΥ 102,Ν. ΣΜΥΡΝΗ 17122",ΣΗΜΕΙΟ ΛΙΑΝΙΚΗΣ
23.7316680230416,37.9182230154132,"470","60001354","ΘΕΟΜΗΤΩΡΟΣ 22, Άλιμος 174 56",ΣΗΜΕΙΟ ΛΙΑΝΙΚΗΣ
23.7444788973084,38.0016662444379,"471","60001355","ΚΕΡΚΥΡΑΣ 117,ΑΘΗΝΑ 11363",ΣΗΜΕΙΟ ΛΙΑΝΙΚΗΣ
23.7556171085162,37.9884137953062,"472","60001356","ΔΗΜΗΤΣΑΝΑΣ 1,ΑΘΗΝΑ 11522",ΣΗΜΕΙΟ ΛΙΑΝΙΚΗΣ
23.8284911393098,38.013974293541,"473","60001357","ΛΕΩΦΟΡΟΣ ΜΕΣΟΓΕΙΩΝ 493,ΑΓΙΑ ΠΑΡΑΣΚΕΥΗ 15343",ΣΗΜΕΙΟ ΛΙΑΝΙΚΗΣ
23.556824427717,37.9644131249316,"474","60001358","ΛΕΩΦΟΡΟΣ ΔΗΜΟΚΡΑΤΙΑΣ 2,ΠΕΡΑΜΑ 18863",ΣΗΜΕΙΟ ΛΙΑΝΙΚΗΣ
23.7639525760375,38.0388063500213,"475","60001359","ΒΥΖΑΝΤΙΟΥ 30,ΝΕΑ ΙΩΝΙΑ 14234",ΣΗΜΕΙΟ ΛΙΑΝΙΚΗΣ
23.6417179170121,37.9369628426861,"476","60001360","ΛΕΩΦΟΡΟΣ ΗΡΩΩΝ ΠΟΛΥΤΕΧΝΕΙΟΥ 100,ΠΕΙΡΑΙΑΣ 18536",ΣΗΜΕΙΟ ΛΙΑΝΙΚΗΣ
23.6456372665967,37.9456739213391,"477","60001361","ΝΙΚΗΤΑ & ΕΘΝΙΚΗΣ ΑΝΤΙΣΤΑΣΕΩΣ,ΠΕΙΡΑΙΑΣ 18531",ΣΗΜΕΙΟ ΛΙΑΝΙΚΗΣ
23.7550170339064,37.9467251885872,"478","60001363","ΠΛΑΤΕΙΑ ΑΝΕΞΑΡΤΗΣΙΑΣ,ΗΛΙΟΥΠΟΛΗ 16344",ΣΗΜΕΙΟ ΛΙΑΝΙΚΗΣ
23.8417987819288,38.0546181395251,"479","60001364","ΛΕΩΦΟΡΟΣ ΠΗΓΗΣ 3,ΜΕΛΙΣΣΙΑ 15127",ΣΗΜΕΙΟ ΛΙΑΝΙΚΗΣ
23.8284605965902,38.0380670011019,"480","60001365","ΚΥΠΡΟΥ 1,ΒΡΙΛΗΣΣΙΑ 15235",ΣΗΜΕΙΟ ΛΙΑΝΙΚΗΣ
23.7454212300414,38.023441923954,"481","60001366","ΤΡΑΛΛΕΩΝ 41,ΓΑΛΑΤΣΙ 11142",ΣΗΜΕΙΟ ΛΙΑΝΙΚΗΣ
23.6585541420671,37.9726259564285,"482","60001367","ΠΕΤΡΟΥ ΡΑΛΛΗ 182,ΝΙΚΑΙΑ 18453",ΣΗΜΕΙΟ ΛΙΑΝΙΚΗΣ
23.6623064050088,37.9835376790996,"483","60001368","ΓΕΩΡΓΙΟΥ ΓΕΝΝΗΜΑΤΑ 20,ΑΓΙΑ ΒΑΡΒΑΡΑ 12351",ΣΗΜΕΙΟ ΛΙΑΝΙΚΗΣ
23.7254031722501,37.9658522249972,"484","60001369","ΒΕΙΚΟΥ & ΔΡΑΚΟΥ,ΑΘΗΝΑ 11741",ΣΗΜΕΙΟ ΛΙΑΝΙΚΗΣ
23.6815806577449,38.0263460856675,"485","60001370","ΠΛΑΤΕΙΑ ΔΕΓΛΕΡΗ,ΠΕΡΙΣΤΕΡΙ 12137",ΣΗΜΕΙΟ ΛΙΑΝΙΚΗΣ
23.7722422294794,37.8862387145374,"486","60001371","ΓΕΩΡΓΙΟΥ ΓΕΝΝΗΜΑΤΑ 167,ΓΛΥΦΑΔΑ 16562",ΣΗΜΕΙΟ ΛΙΑΝΙΚΗΣ
23.7637441668916,37.9927607492326,"487","60001373","ΠΛΑΤΕΙΑ ΚΑΝΕΛΛΟΠΟΥΛΟΥ,ΑΘΗΝΑ 11523",ΣΗΜΕΙΟ ΛΙΑΝΙΚΗΣ
23.6522389856197,37.9645476876488,"488","60001374","ΜΠΕΛΟΓΙΑΝΝΗ & ΙΩΝΟΣ ΔΡΑΓΟΥΜΗ,ΝΙΚΑΙΑ 18542",ΣΗΜΕΙΟ ΛΙΑΝΙΚΗΣ
23.6407926522695,37.9791873463684,"489","60001376","ΓΡΗΓΟΡΙΟΥ ΛΑΜΠΡΑΚΗ & ΤΣΙΜΙΣΚΗ ,ΝΙΚΑΙΑ 18452",ΣΗΜΕΙΟ ΛΙΑΝΙΚΗΣ
23.6257943802858,37.9662162448552,"490","60001377","ΔΕΜΕΡΤΖΗ 27,ΚΕΡΑΤΣΙΝΙ 18757",ΣΗΜΕΙΟ ΛΙΑΝΙΚΗΣ
23.6593060319599,37.9727003117478,"491","60001378","ΠEΤΡΟΥ ΡΑΛΛΗ 180,ΝΙΚΑΙΑ 18454",ΣΗΜΕΙΟ ΛΙΑΝΙΚΗΣ
23.6959698719659,38.0414891687726,"492","60001380","ΕΛΑΙΩΝ 130,ΙΛΙΟΝ 13123",ΣΗΜΕΙΟ ΛΙΑΝΙΚΗΣ
23.6931707215406,37.929752184749,"493","60001382","ΑΙΟΛΟΥ 80  (ΕΝΑΝΤΙ),ΠΑΛΑΙΟ ΦΑΛΗΡΟ 17561",ΣΗΜΕΙΟ ΛΙΑΝΙΚΗΣ
24.0096966034766,37.9409897903977,"494","60001383","ΛΕΩΦΟΡΟΣ ΒΡΑΥΡΩΝΟΣ - 9ηΣΤΑΣΗ ΣΠΑΤΩΝ, ΑΡΤΕΜΙΔΑ 19016",ΣΗΜΕΙΟ ΛΙΑΝΙΚΗΣ
23.6378300084624,37.9657282878633,"495","60001384","ΠΕΤΡΟΥ ΡΑΛΛΗ 455,ΝΙΚΑΙΑ 18450",ΣΗΜΕΙΟ ΛΙΑΝΙΚΗΣ
23.7587980429373,37.9562602889303,"496","60001385","ΝΕΑΣ ΕΛΒΕΤΙΑΣ 38,ΒΥΡΩΝΑΣ 16231",ΣΗΜΕΙΟ ΛΙΑΝΙΚΗΣ
23.7688277330844,38.0361418288468,"497","60001388","ΒΥΖΑΝΤΙΟΥ 106,ΝΕΑ ΙΩΝΙΑ 14235",ΣΗΜΕΙΟ ΛΙΑΝΙΚΗΣ
23.8214222963391,38.0139403216679,"498","60001389","ΛΕΩΦΟΡΟΣ ΜΕΣΟΓΕΙΩΝ 443,ΑΓΙΑ ΠΑΡΑΣΚΕΥΗ 15343",ΣΗΜΕΙΟ ΛΙΑΝΙΚΗΣ
23.7489902366652,37.9895607365034,"499","60001391","ΠΑΡΑΣΧΟΥ 115,ΑΘΗΝΑ 11475",ΣΗΜΕΙΟ ΛΙΑΝΙΚΗΣ
23.7270093599781,37.9835079413724,"500","60001392","ΠΑΝΑΓΗ ΤΣΑΛΔΑΡΗ 1,ΑΘΗΝΑ 10552",ΣΗΜΕΙΟ ΛΙΑΝΙΚΗΣ
23.6753930620679,38.0057547645851,"501","60001393","Λ.ΑΘΗΝΩΝ 391,ΑΙΓΑΛΕΩ 12243",ΣΗΜΕΙΟ ΛΙΑΝΙΚΗΣ
23.7311703563742,37.9664910290779,"502","60001394","ΚΑΛΛΙΡΡΟΗΣ 14,ΑΘΗΝΑ 11743",ΣΗΜΕΙΟ ΛΙΑΝΙΚΗΣ
23.6961935524717,38.0494217283976,"503","60001395","ΑΡΓΥΡΟΚΑΣΤΡΟΥ 1,ΚΑΜΑΤΕΡΟ 13123",ΣΗΜΕΙΟ ΛΙΑΝΙΚΗΣ
23.7687019689447,37.9660738948921,"504","60001396","ΡΗΓΑ ΦΕΡΑΙΟΥ 29,ΚΑΙΣΑΡΙΑΝΗ 16122",ΣΗΜΕΙΟ ΛΙΑΝΙΚΗΣ
23.6300398183186,37.9557942233516,"505","60001397","ΣΠΑΡΤΗΣ 129Α,ΠΕΙΡΑΙΑΣ 18546",ΣΗΜΕΙΟ ΛΙΑΝΙΚΗΣ
23.6348098724772,37.9516802518142,"506","60001398","ΑΓΙΟΥ ΔΗΜΗΤΡΙΟΥ & ΑΝΑΠΑΥΣΕΩΣ,ΠΕΙΡΑΙΑΣ 18648",ΣΗΜΕΙΟ ΛΙΑΝΙΚΗΣ
23.697971318419,37.9675009230822,"507","60001399","ΘΡΑΚΗΣ 6,ΤΑΥΡΟΣ 17778",ΣΗΜΕΙΟ ΛΙΑΝΙΚΗΣ
23.7397187246178,38.0764042461317,"508","60001400","ΦΙΛΑΔΕΛΦΕΙΑΣ 67,ΜΕΝΙΔΙ 13671",ΣΗΜΕΙΟ ΛΙΑΝΙΚΗΣ
23.7384269472393,38.0929947899045,"509","60001401","ΠΑΡΝΗΘΟΣ & ΛΑΘΕΑΣ,ΑΧΑΡΝΕΣ 13674",ΣΗΜΕΙΟ ΛΙΑΝΙΚΗΣ
23.7678323997496,37.885551710866,"510","60001402","ΜΥΣΤΡΑ 108,ΓΛΥΦΑΔΑ 16561",ΣΗΜΕΙΟ ΛΙΑΝΙΚΗΣ
23.7512072787864,37.9883047641603,"511","60001403","ΛΕΩΦΟΡΟΣ ΑΛΕΞΑΝΔΡΑΣ 146,ΑΘΗΝΑ 11471",ΣΗΜΕΙΟ ΛΙΑΝΙΚΗΣ
23.7413267089764,37.9980517914676,"512","60001405","ΖΑΚΥΝΘΟΥ 52,ΑΘΗΝΑ 11363",ΣΗΜΕΙΟ ΛΙΑΝΙΚΗΣ
23.7635779785641,37.967607860554,"513","60001407","ΛΕΩΦΟΡΟΣ ΕΘΝΙΚΗΣ ΑΝΤΙΣΤΑΣΕΩΣ 117,ΚΑΙΣΑΡΙΑΝΗ 16122",ΣΗΜΕΙΟ ΛΙΑΝΙΚΗΣ
23.7125572636872,37.9673968182414,"514","60001408","ΠΛΑΤΕΙΑ ΜΕΡΚΟΥΡΗ 1,ΑΘΗΝΑ 11852",ΣΗΜΕΙΟ ΛΙΑΝΙΚΗΣ
23.7875549118125,38.0130329837295,"515","60001410","ΕΘΝΙΚΗΣ ΑΝΤΙΣΤΑΣΕΩΣ 61,ΧΑΛΑΝΔΡΙ 15231",ΣΗΜΕΙΟ ΛΙΑΝΙΚΗΣ
23.7357346963328,37.93946518731,"516","60001411","ΕΡΑΤΟΣΘΕΝΟΥΣ 58,ΑΓΙΟΣ ΔΗΜΗΤΡΙΟΣ 17343",ΣΗΜΕΙΟ ΛΙΑΝΙΚΗΣ
23.6968340512693,37.9443640666408,"517","60001412","ΛΑΜΠΡΟΥ ΚΑΤΣΩΝΗ 19,ΚΑΛΛΙΘΕΑ 17674",ΣΗΜΕΙΟ ΛΙΑΝΙΚΗΣ
23.6911998178073,38.0118163405834,"518","60001413","ΣΑΡΑΝΤΑΠΟΡΟΥ 51,ΠΕΡΙΣΤΕΡΙ 12134",ΣΗΜΕΙΟ ΛΙΑΝΙΚΗΣ
23.801376390774,37.8335959614929,"519","60001414","ΝΥΜΦΟΛΗΠΤΟΥ 5, ΒΑΡΗ, 16672",ΣΗΜΕΙΟ ΛΙΑΝΙΚΗΣ
23.6500821306225,37.9427120154139,"520","60001415","ΤΣΑΜΑΔΟΥ 67,ΠΕΙΡΑΙΑΣ 18532",ΣΗΜΕΙΟ ΛΙΑΝΙΚΗΣ
23.8004142951047,38.0224653524875,"521","60001416","ΠΛΑΤΕΙΑ ΔΟΥΡΟΥ,ΧΑΛΑΝΔΡΙ 15234",ΣΗΜΕΙΟ ΛΙΑΝΙΚΗΣ
23.7558704334263,38.0184577348825,"522","60001417","ΛΕΩΦΟΡΟΣ ΒΕΙΚΟΥ 48,ΓΑΛΑΤΣΙ 11147",ΣΗΜΕΙΟ ΛΙΑΝΙΚΗΣ
23.6469847395229,37.943129282287,"523","60001418","ΛΕΩΦΟΡΟΣ ΒΑΣΙΛΕΩΣ ΓΕΩΡΓΙΟΥ Α' 2,ΠΕΙΡΑΙΑΣ 18545",ΣΗΜΕΙΟ ΛΙΑΝΙΚΗΣ
23.7382625555423,38.0097340574667,"524","60001419","ΚΕΑΣ 38Α,ΑΘΗΝΑ 11255",ΣΗΜΕΙΟ ΛΙΑΝΙΚΗΣ
23.6932309086647,38.0367870961892,"525","60001420","25ΗΣ ΜΑΡΤΙΟΥ 172,ΠΕΤΡΟΥΠΟΛΗ 13231",ΣΗΜΕΙΟ ΛΙΑΝΙΚΗΣ
23.6470089940356,37.9431073209317,"526","60001422","ΛΕΩΦΟΡΟΣ ΗΡΩΩΝ ΠΟΛΥΤΕΧΝΕΙΟΥ & ΛΕΩΦΟΡΟΣ ΒΑΣΙΛΕΩΣ ΓΕΩΡΓΙΟΥ Α,ΠΕΙΡΑΙΑΣ 18534",ΣΗΜΕΙΟ ΛΙΑΝΙΚΗΣ
23.6801119122554,38.0398746783366,"527","60001423","ΑΝΑΤΟΛΙΚΗΣ ΡΩΜΥΛΙΑΣ 78,ΠΕΤΡΟΥΠΟΛΗ 13232",ΣΗΜΕΙΟ ΛΙΑΝΙΚΗΣ
23.6871960265859,38.0411099577407,"528","60001424","25ΗΣ ΜΑΡΤΙΟΥ 107,ΠΕΤΡΟΥΠΟΛΗ 13232",ΣΗΜΕΙΟ ΛΙΑΝΙΚΗΣ
23.7079929237286,38.0318512224744,"529","60001425","ΠΡΩΤΕΣΙΛΑΟΥ 77,ΙΛΙΟΝ 13122",ΣΗΜΕΙΟ ΛΙΑΝΙΚΗΣ
23.7075257997809,38.0318080604144,"530","60001426","ΠΡΩΤΕΣΙΛΑΟΥ & ΑΙΑΝΤΟΣ,ΙΛΙΟΝ 13122",ΣΗΜΕΙΟ ΛΙΑΝΙΚΗΣ
23.6888013159987,38.0403593122019,"531","60001427","25ΗΣ ΜΑΡΤΙΟΥ 123,ΠΕΤΡΟΥΠΟΛΗ 13231",ΣΗΜΕΙΟ ΛΙΑΝΙΚΗΣ
23.7291365705709,37.9832403012853,"532","60001428","ΣΤΑΔΙΟΥ 55,ΑΘΗΝΑ 10559",ΣΗΜΕΙΟ ΛΙΑΝΙΚΗΣ
23.7207247462504,37.9243428413869,"533","60001429","ΛΕΩΦΟΡΟΣ ΑΓΙΑΣ ΒΑΡΒΑΡΑΣ 107,ΠΑΛΑΙΟ ΦΑΛΗΡΟ 17563",ΣΗΜΕΙΟ ΛΙΑΝΙΚΗΣ
23.7508937667523,37.9254468502547,"534","60001430","ΛΕΩΦΟΡΟΣ ΚΥΠΡΙΩΝ ΗΡΩΩΝ 54,ΗΛΙΟΥΠΟΛΗ 16341",ΣΗΜΕΙΟ ΛΙΑΝΙΚΗΣ
23.7516330802311,37.9089799507986,"535","60001431","ΚΥΠΡΟΥ 70,ΑΡΓΥΡΟΥΠΟΛΗ 16452",ΣΗΜΕΙΟ ΛΙΑΝΙΚΗΣ
23.7401606957376,37.9066721927045,"536","60001432","ΛΑΜΙΑΣ & ΕΛΛΗΣΠΟΝΤΟΥ,ΑΡΓΥΡΟΥΠΟΛΗ 16452",ΣΗΜΕΙΟ ΛΙΑΝΙΚΗΣ
23.7453296018825,37.987601721777,"537","60001433","ΙΠΠΟΚΡΑΤΟΥΣ 185,ΑΘΗΝΑ 11472",ΣΗΜΕΙΟ ΛΙΑΝΙΚΗΣ
23.7177881535866,38.0049280185118,"538","60001434","ΔΥΡΡΑΧΙΟΥ 49,ΑΘΗΝΑ 10443",ΣΗΜΕΙΟ ΛΙΑΝΙΚΗΣ
23.8111392812818,38.0539857618069,"539","60001436","ΛΕΩΦΟΡΟΣ ΚΗΦΙΣΙΑΣ 187,ΜΑΡΟΥΣΙ 15124",ΣΗΜΕΙΟ ΛΙΑΝΙΚΗΣ
23.8076322584126,38.0547313161689,"540","60001437","ΠΛΑΤΕΙΑ ΚΑΣΤΑΛΙΑΣ,ΜΑΡΟΥΣΙ 15124",ΣΗΜΕΙΟ ΛΙΑΝΙΚΗΣ
23.6261402316702,37.957737796429,"541","60001438","ΛΕΩΦΟΡΟΣ ΔΗΜΟΚΡΑΤΙΑΣ 21,ΚΕΡΑΤΣΙΝΙ 18755",ΣΗΜΕΙΟ ΛΙΑΝΙΚΗΣ
23.5225581912042,38.0524458214022,"542","60001439","ΘΗΒΩΝ & ΟΔΥΣΣΕΑ ΑΝΔΡΟΥΤΣΟΥ,ΜΑΝΔΡΑ 19200",ΣΗΜΕΙΟ ΛΙΑΝΙΚΗΣ
23.5473705576669,38.045908671929,"543","60001440","ΙΕΡΑ ΟΔΟΣ ΚΑΙ ΩΚΕΑΝΙΔΩΝ,ΕΛΕΥΣΙΝΑ 19200",ΣΗΜΕΙΟ ΛΙΑΝΙΚΗΣ
23.6705502443712,38.0091267727324,"544","60001441","ΛΕΩΦΟΡΟΣ ΑΘΗΝΩΝ 429Α,ΑΙΓΑΛΕΩ 12243",ΣΗΜΕΙΟ ΛΙΑΝΙΚΗΣ
23.6857542305549,38.0019890306326,"545","60001442","ΘΗΒΩΝ & ΠΟΓΡΑΔΕΤΣ,ΠΕΡΙΣΤΕΡΙ 12131",ΣΗΜΕΙΟ ΛΙΑΝΙΚΗΣ
23.6524438015045,38.0149162990023,"546","60001443","ΓΕΩΡΓΙΟΥ ΠΑΠΑΝΔΡΕΟΥ 37,ΧΑΪΔΑΡΙ 12462",ΣΗΜΕΙΟ ΛΙΑΝΙΚΗΣ
23.6268561889516,37.9637403076467,"547","60001444","ΘΡΑΚΗΣ 17, ΚΕΡΑΤΣΙΝΙ 187 56",ΣΗΜΕΙΟ ΛΙΑΝΙΚΗΣ
23.5315512255135,38.0722383423698,"548","60001445","ΛΕΩΦ.ΓΕΝΝΗΜΑΤΑ(ΕΞΩ ΑΠΟ ΤΟ ΘΡΙΑΣΙΟ),ΜΑΓΟΥΛΑ 19018",ΣΗΜΕΙΟ ΛΙΑΝΙΚΗΣ
23.5356987471803,38.0520977917971,"549","60001446","ΕΛΕΥΘΕΡΙΟΥ ΒΕΝΙΖΕΛΟΥ & ΙΚΟΝΙΟΥ,ΕΛΕΥΣΙΝΑ 19200",ΣΗΜΕΙΟ ΛΙΑΝΙΚΗΣ
23.54021906969,38.0439179122647,"550","60001447","ΗΡΩΩΝ ΠΟΛΥΤΕΧΝΕΙΟΥ 10,ΕΛΕΥΣΙΝΑ 19200",ΣΗΜΕΙΟ ΛΙΑΝΙΚΗΣ
23.5856522634996,38.0478307577407,"551","60001448","ΛΕΩΦΟΡΟΣ ΔΗΜΟΚΡΑΤΙΑΣ 82,ΑΣΠΡΟΠΥΡΓΟΣ 19200",ΣΗΜΕΙΟ ΛΙΑΝΙΚΗΣ
23.6251260337144,37.9745110175582,"552","60001449","ΓΡΗΓΟΡΙΟΥ ΛΑΜΠΡΑΚΗ 377,ΝΙΚΑΙΑ 18757",ΣΗΜΕΙΟ ΛΙΑΝΙΚΗΣ
23.8554468860404,37.9572179098354,"553","60001450","ΠΛ. ΚΥΠΡΟΥ & ΙΩΑΝΝΟΥ ΜΕΤΑΞΑ,ΠΑΙΑΝΙΑ 19002",ΣΗΜΕΙΟ ΛΙΑΝΙΚΗΣ
23.7669089316376,38.0154761176997,"554","60001451","ΠΛΑΤΕΙΑ ΕΛΕΥΘΕΡΙΟΥ ΒΕΝΙΖΕΛΟΥ,ΠΑΛΑΙΟ ΨΥΧΙΚΟ 15451",ΣΗΜΕΙΟ ΛΙΑΝΙΚΗΣ
23.8516946230986,38.0045847179598,"555","60001452","ΜΕΣΟΛΟΓΓΙΟΥ 15,ΓΛΥΚΑ ΝΕΡΑ 15354",ΣΗΜΕΙΟ ΛΙΑΝΙΚΗΣ
23.6837563773631,37.9442131732801,"556","60001455","ΠΕΙΣΙΣΤΡΑΤΟΥΣ 101,ΚΑΛΛΙΘΕΑ 17675",ΣΗΜΕΙΟ ΛΙΑΝΙΚΗΣ
23.845268075556,38.0178172600538,"557","60001456","ΚΛΕΙΣΘΕΝΟΥΣ 86,ΓΕΡΑΚΑΣ 15344",ΣΗΜΕΙΟ ΛΙΑΝΙΚΗΣ
23.7541941771061,37.9601671904522,"558","60001457","ΑΓΙΑΣ ΣΟΦΙΑΣ 9,ΒΥΡΩΝΑΣ 16231",ΣΗΜΕΙΟ ΛΙΑΝΙΚΗΣ
23.6969957480204,37.9487667576189,"559","60001458","ΣΟΦΟΚΛΕΟΥΣ 221,ΚΑΛΛΙΘΕΑ 17673",ΣΗΜΕΙΟ ΛΙΑΝΙΚΗΣ
23.7008243677613,37.9187509732272,"560","60001459","ΛΕΩΦΟΡΟΣ ΠΟΣΕΙΔΩΝΟΣ 72 (ΕΝΑΝΤΙ),ΠΑΛΑΙΟ ΦΑΛΗΡΟ 17561",ΣΗΜΕΙΟ ΛΙΑΝΙΚΗΣ
23.5710779963301,37.964423748313,"561","60001460","ΣΟΦΟΚΛΗ ΒΕΝΙΖΕΛΟΥ 15,ΠΕΡΑΜΑ 18863",ΣΗΜΕΙΟ ΛΙΑΝΙΚΗΣ
23.746042864218,37.8629620986357,"562","60001461","ΔΙΑΔOXOY ΠΑΥΛΟΥ 41,ΓΛΥΦΑΔΑ 16675",ΣΗΜΕΙΟ ΛΙΑΝΙΚΗΣ
23.6950886246722,38.0242677535806,"563","60001462","ΘΗΒΩΝ 415,ΙΛΙΟΝ 13121",ΣΗΜΕΙΟ ΛΙΑΝΙΚΗΣ
23.5881522749353,38.0572190360676,"564","60001464","ΛΕΩΦΟΡΟΣ ΔΗΜΟΚΡΑΤΙΑΣ 62,ΑΣΠΡΟΠΥΡΓΟΣ 19300",ΣΗΜΕΙΟ ΛΙΑΝΙΚΗΣ
23.5881909024926,38.0571320344955,"565","60001465","ΛΕΩΦΟΡΟΣ ΔΗΜΟΚΡΑΤΙΑΣ & ΗΡΩΩΝ ΠΟΛΥΤΕΝΕΙΟΥ,ΑΣΠΡΟΠΥΡΓΟΣ 19300",ΣΗΜΕΙΟ ΛΙΑΝΙΚΗΣ
23.649429055411,37.955483275219,"566","60001467","ΘΗΒΩΝ & ΤΕΝΕΔΟΥ,ΠΕΙΡΑΙΑΣ 18543",ΣΗΜΕΙΟ ΛΙΑΝΙΚΗΣ
23.6505995602262,37.9735677849073,"567","60001468","ΑΓΙΟΥ ΓΕΩΡΓΙΟΥ & ΜΑΛΑΓΑΡΔΗ,ΚΟΡΥΔΑΛΛΟΣ 18120",ΣΗΜΕΙΟ ΛΙΑΝΙΚΗΣ
23.6545602323139,37.9808668999193,"568","60001469","ΓΡΗΓΟΡΙΟΥ ΛΑΜΠΡΑΚΗ 159,ΚΟΡΥΔΑΛΛΟΣ 18121",ΣΗΜΕΙΟ ΛΙΑΝΙΚΗΣ
23.7409278569903,37.9754910602659,"569","60001470","ΛΕΩΦΟΡΟΣ ΒΑΣΙΛΙΣΣΗΣ ΣΟΦΙΑΣ 2,ΑΘΗΝΑ 10671",ΣΗΜΕΙΟ ΛΙΑΝΙΚΗΣ
23.8024543691149,37.8188201590295,"570","60001471","ΛΕΩΦΟΡΟΣ ΠΟΣΕΙΔΩΝΟΣ 12,ΒΑΡΗΣ-ΒΟΥΛΑΣ-ΒΟΥΛΙΑΓΜΕΝΗΣ 16672",ΣΗΜΕΙΟ ΛΙΑΝΙΚΗΣ
23.7375816325569,37.9489452682445,"571","60001472","ΣΤΡΙΓΓΑΡΗ 9,ΑΓΙΟΣ ΔΗΜΗΤΡΙΟΣ 17343",ΣΗΜΕΙΟ ΛΙΑΝΙΚΗΣ
23.6812231282618,37.9919133258218,"572","60001473","ΙΕΡΑ ΟΔΟΣ 240,ΑΙΓΑΛΕΩ 12242",ΣΗΜΕΙΟ ΛΙΑΝΙΚΗΣ
23.6453713652726,37.9326501366084,"573","60001474","ΑΚΤΗ ΘΕΜΙΣΤΟΚΛΕΟΥΣ 24,ΠΕΙΡΑΙΑΣ 18537",ΣΗΜΕΙΟ ΛΙΑΝΙΚΗΣ
23.6414987280828,37.9345348068289,"574","60001475","ΘΕΟΧΑΡΗ & ΣΑΧΤΟΥΡΗ,ΠΕΙΡΑΙΑΣ 18537",ΣΗΜΕΙΟ ΛΙΑΝΙΚΗΣ
23.7188652336123,37.9592521045281,"575","60001476","ΦΡΑΓΚΟΥΔΗ 3,ΚΑΛΛΙΘΕΑ 17671",ΣΗΜΕΙΟ ΛΙΑΝΙΚΗΣ
23.9415899318958,38.0021780297844,"576","60001477","ΛΕΩΦΟΡΟΣ ΜΑΡΑΘΩΝΟΣ 38,ΠΙΚΕΡΜΙ 19009",ΣΗΜΕΙΟ ΛΙΑΝΙΚΗΣ
23.759015435236,37.9683457956833,"577","60001478","ΕΘΝΙΚΗΣ ΑΝΤΙΣΤΑΣΕΩΣ 73,ΚΑΙΣΑΡΙΑΝΗ 16121",ΣΗΜΕΙΟ ΛΙΑΝΙΚΗΣ
23.772759659083,37.9754478650176,"578","60001479","ΓΕΩΡΓΙΟΥ ΖΩΓΡΑΦΟΥ 42,ΖΩΓΡΑΦΟΥ 15772",ΣΗΜΕΙΟ ΛΙΑΝΙΚΗΣ
23.749280392502,37.9669711907924,"579","60001480","ΥΜΗΤΤΟΥ 117,ΠΑΓΚΡΑΤΙ 11633",ΣΗΜΕΙΟ ΛΙΑΝΙΚΗΣ
23.7406637522967,37.9702168033335,"580","60001481","ΛΕΩΦΟΡΟΣ ΒΑΣΙΛΕΩΣ ΚΩΝΣΤΑΝΤΙΝΟΥ 2,ΠΑΓΚΡΑΤΙ 11634",ΣΗΜΕΙΟ ΛΙΑΝΙΚΗΣ
23.703447448391,37.9378541178951,"581","60001482","ΗΧΟΥΣ 69,ΠΑΛΑΙΟ ΦΑΛΗΡΟ 17564",ΣΗΜΕΙΟ ΛΙΑΝΙΚΗΣ
23.7711507764092,37.9777839125324,"582","60001483","ΛΕΩΦΟΡΟΣ ΣΤΡΑΤΑΡΧΟΥ ΑΛΕΞΑΝΔΡΟΥ ΠΑΠΑΓΟΥ 95,ΖΩΓΡΑΦΟΥ 15773",ΣΗΜΕΙΟ ΛΙΑΝΙΚΗΣ
23.7445911867189,37.9608648295686,"583","60001484","ΔΙΚΑΙΑΡΧΟΥ 136,ΒΥΡΩΝΑΣ 11632",ΣΗΜΕΙΟ ΛΙΑΝΙΚΗΣ
23.697471855121,38.0403331349801,"584","60001485","ΕΛΑΙΩΝ 102,ΙΛΙΟΝ 13123",ΣΗΜΕΙΟ ΛΙΑΝΙΚΗΣ
23.7585447180271,38.0460982652645,"585","60001486","ΛΕΩΦΟΡΟΣ ΗΡΑΚΛΕΙΟΥ 344,ΝΕΑ ΙΩΝΙΑ 14231",ΣΗΜΕΙΟ ΛΙΑΝΙΚΗΣ
23.7466007180095,37.979840904026,"586","60001487","ΞΕΝΟΚΡΑΤΟΥΣ 49,ΑΘΗΝΑ 10676",ΣΗΜΕΙΟ ΛΙΑΝΙΚΗΣ
23.7147527462416,37.9462519785067,"587","60001488","ΛΕΩΦΟΡΟΣ ΕΛΕΥΘΕΡΙΟΥ ΒΕΝΙΖΕΛΟΥ 28,ΝΕΑ ΣΜΥΡΝΗ 17121",ΣΗΜΕΙΟ ΛΙΑΝΙΚΗΣ
23.7662181271841,37.9725600987971,"588","60001489","ΠΕΡΣΕΠΟΛΕΩΣ 3,ΖΩΓΡΑΦΟΥ 15771",ΣΗΜΕΙΟ ΛΙΑΝΙΚΗΣ
23.7336416217208,37.9757587286148,"589","60001490","ΕΡΜΟΥ & ΝΙΚΗΣ,ΑΘΗΝΑ 10563",ΣΗΜΕΙΟ ΛΙΑΝΙΚΗΣ
23.6608933550669,37.9768563002612,"590","60001491","ΧΡΥΣΟΣΤΟΜΟΥ ΣΜΥΡΝΗΣ 48,ΝΙΚΑΙΑ 18454",ΣΗΜΕΙΟ ΛΙΑΝΙΚΗΣ
23.7521343401597,37.9728808886381,"591","60001492","ΒΑΣΙΛΕΩΣ ΑΛΕΞΑΝΔΡΟΥ 9,ΚΑΙΣΑΡΙΑΝΗ 11528",ΣΗΜΕΙΟ ΛΙΑΝΙΚΗΣ
23.6703705813144,37.9472401907055,"592","60001493","ΕΛ.ΒΕΝΙΖΕΛΟΥ 18,ΝΕΟ ΦΑΛΗΡΟ 18547",ΣΗΜΕΙΟ ΛΙΑΝΙΚΗΣ
23.7329598004201,38.0825731099161,"593","60001494","ΠΛΑΤΕΙΑ ΕΘΝΙΚΗΣ ΑΝΤΙΣΤΑΣΕΩΣ,ΑΧΑΡΝΕΣ 13675",ΣΗΜΕΙΟ ΛΙΑΝΙΚΗΣ
23.7291850795963,37.9985827152277,"594","60001495","ΦΥΛΗΣ 160,ΑΘΗΝΑ 11251",ΣΗΜΕΙΟ ΛΙΑΝΙΚΗΣ
23.7925693077284,37.9809851469713,"595","60001496","ΛΑΣΚΟΥ 64,ΠΑΠΑΓΟΥ 15669",ΣΗΜΕΙΟ ΛΙΑΝΙΚΗΣ
23.7078357185539,37.9796560957878,"596","60001497","ΠΑΓΓΑΙΟΥ 30,ΑΘΗΝΑ 11855",ΣΗΜΕΙΟ ΛΙΑΝΙΚΗΣ
23.6784051132156,37.9922248276286,"597","60001498","ΘΗΒΩΝ & ΙΕΡΑ ΟΔΟΣ,ΑΙΓΑΛΕΩ 12241",ΣΗΜΕΙΟ ΛΙΑΝΙΚΗΣ
23.7115179129035,37.9748601238671,"598","60001499","ΚΕΙΡΙΑΔΩΝ 3,ΑΘΗΝΑ 18844",ΣΗΜΕΙΟ ΛΙΑΝΙΚΗΣ
24.0178398315271,37.9917320877982,"599","60001503","ΛΕΩΦΟΡΟΣ ΑΡΤΕΜΙΔΟΣ 1 (ΚΑΙ ΑΝΘΕΩΝ), ΑΡΤΕΜΙΔΑ 190 16",ΣΗΜΕΙΟ ΛΙΑΝΙΚΗΣ
23.6732802245196,38.0217831600605,"600","60001505","ΑΓIOY ΒΑΣΙΛΕΙΟΥ 226,ΠΕΡΙΣΤΕΡΙ 12137",ΣΗΜΕΙΟ ΛΙΑΝΙΚΗΣ
23.7801159629447,37.9724248426163,"601","60001506","ΓΡΗΓΟΡΙΟΥ ΚΟΥΣΙΔΗ 85,ΖΩΓΡΑΦΟΥ 15772",ΣΗΜΕΙΟ ΛΙΑΝΙΚΗΣ
23.6185836035002,37.9639286971079,"602","60001508","ΛΕΩΦΟΡΟΣ ΣΑΛΑΜΙΝΟΣ 165,ΚΕΡΑΤΣΙΝΙ 18756",ΣΗΜΕΙΟ ΛΙΑΝΙΚΗΣ
23.7142344183227,37.992197925252,"603","60001509","ΛΕΝΟΡΜΑΝ 126,ΑΘΗΝΑ 10444",ΣΗΜΕΙΟ ΛΙΑΝΙΚΗΣ
23.7351103672103,37.9748700376123,"604","60001510","ΟΘΩΝΟΣ 10,ΑΘΗΝΑ 10557",ΣΗΜΕΙΟ ΛΙΑΝΙΚΗΣ
23.7763807679933,37.9758373294525,"605","60001511","ΓΡΗΓΟΡΙΟΥ ΚΟΥΣΙΔΗ 22,ΖΩΓΡΑΦΟΥ 15773",ΣΗΜΕΙΟ ΛΙΑΝΙΚΗΣ
23.6682712184954,37.9748211769981,"606","60001512","ΘΗΒΩΝ 228,ΑΓΙΟΣ ΙΩΑΝΝΗΣ ΡΕΝΤΗΣ 18454",ΣΗΜΕΙΟ ΛΙΑΝΙΚΗΣ
23.679121070497,37.9456696709019,"607","60001513","ΑΓΙΟΥ ΚΩΝΣΤΑΝΤΙΝΟΥ & ΧΡΥΣΟΣΤΟΜΟΥ ΣΜΥΡΝΗΣ,ΜΟΣΧΑΤΟ 18344",ΣΗΜΕΙΟ ΛΙΑΝΙΚΗΣ
23.6445736613003,37.9660717702637,"608","60001514","ΚΥΠΡΟΥ 52,ΝΙΚΑΙΑ 18450",ΣΗΜΕΙΟ ΛΙΑΝΙΚΗΣ
23.6288666185575,37.9865007707736,"609","60001515","ΚΩΣΤΗ ΠΑΛΑΜΑ & ΑΓΓΕΛΟΥ ΣΙΚΕΛΙΑΝΟΥ,ΝΙΚΑΙΑ 18452",ΣΗΜΕΙΟ ΛΙΑΝΙΚΗΣ
23.6210638519996,37.9553430293891,"610","60001516","ΠΡΟΙΚΟΝΗΣΟΥ 61,ΚΕΡΑΤΣΙΝΙ 18755",ΣΗΜΕΙΟ ΛΙΑΝΙΚΗΣ
23.7501427751748,37.9935359525507,"611","60001518","ΠΛΑΤΕΙΑ ΓΚΥΖΗ 5,ΑΘΗΝΑ 11476",ΣΗΜΕΙΟ ΛΙΑΝΙΚΗΣ
23.6866300879569,37.9903473012433,"612","60001519","ΙΕΡΑ ΟΔΟΣ 186,ΑΙΓΑΛΕΩ 12242",ΣΗΜΕΙΟ ΛΙΑΝΙΚΗΣ
23.6412516913797,37.9754967252147,"613","60001520","ΑΝΩΓΕΙΩΝ 75,ΝΙΚΑΙΑ 18451",ΣΗΜΕΙΟ ΛΙΑΝΙΚΗΣ
23.5686471551713,37.9649308359298,"614","60001521","ΗΠΕΙΡΟΥ 111,ΠΕΡΑΜΑ 18863",ΣΗΜΕΙΟ ΛΙΑΝΙΚΗΣ
23.565579408476,37.9650923100223,"615","60001522","ΚΑΡΑΟΛΗ ΚΑΙ ΔΗΜΗΤΡΙΟΥ 15,ΠΕΡΑΜΑ 18863",ΣΗΜΕΙΟ ΛΙΑΝΙΚΗΣ
23.6826128220064,38.0255153260158,"616","60001523","ΑΓΙΟΥ ΙΕΡΟΘΕΟΥ 97,ΠΕΡΙΣΤΕΡΙ 12135",ΣΗΜΕΙΟ ΛΙΑΝΙΚΗΣ
23.6824026162299,38.0431708328368,"617","60001524","25ης ΜΑΡΤΙΟΥ 60,ΠΕΤΡΟΥΠΟΛΗ 13231",ΣΗΜΕΙΟ ΛΙΑΝΙΚΗΣ
23.6823927347618,38.0431842746741,"618","60001525","ΑΡΕΤΗΣ 1,ΠΕΡΙΣΤΕΡΙ 12135",ΣΗΜΕΙΟ ΛΙΑΝΙΚΗΣ
23.8239968679434,38.0962178567165,"619","60001526","ΕΛΕΥΘΕΡΙΟΥ ΒΕΝΙΖΕΛΟΥ & ΑΝΤΙΓΟΝΗΣ,ΝΕΑ ΕΡΥΘΡΑΙΑ 14671",ΣΗΜΕΙΟ ΛΙΑΝΙΚΗΣ
23.7589274003382,37.8715699002109,"620","60001527","ΠΑΡΑΔΡΟΜΟΣ ΛΕΩΦΟΡΟΣ ΒΟΥΛΙΑΓΜΕΝΗΣ 85(ΕΝΤΟΣ CITY PLAZA),ΓΛΥΦΑΔΑ 16674",ΣΗΜΕΙΟ ΛΙΑΝΙΚΗΣ
23.7480523955086,37.9664272905611,"621","60001528","ΥΜΗΤΤΟΥ 116,ΑΘΗΝΑ 11634",ΣΗΜΕΙΟ ΛΙΑΝΙΚΗΣ
23.7749416669082,37.9710226957968,"622","60001529","ΣΤΡΑΤΗΓΟΥ ΜΑΚΡΥΓΙΑΝΝΗ 51,ΖΩΓΡΑΦΟΥ 15772",ΣΗΜΕΙΟ ΛΙΑΝΙΚΗΣ
23.7824803287725,37.8133033092166,"623","60001530","ΕΡΜΟΥ 1,ΒΟΥΛΙΑΓΜΕΝΗ 16671",ΣΗΜΕΙΟ ΛΙΑΝΙΚΗΣ
23.6446913406025,37.9403203008363,"624","60001531","2ας ΜΕΡΑΡΧΙΑΣ 20,ΠΕΙΡΑΙΑΣ 18539",ΣΗΜΕΙΟ ΛΙΑΝΙΚΗΣ
23.7995177764511,38.0373290597616,"625","60001532","ΛΕΩΦΟΡΟΣ ΚΗΦΙΣΙΑΣ & ΠΑΡΑΔΕΙΣΟΥ,ΜΑΡΟΥΣΙ 15125",ΣΗΜΕΙΟ ΛΙΑΝΙΚΗΣ
23.7613178173092,37.9851746515866,"626","60001533","ΛΕΩΦΟΡΟΣ ΜΕΣΟΓΕΙΩΝ 8,ΑΘΗΝΑ 11527",ΣΗΜΕΙΟ ΛΙΑΝΙΚΗΣ
23.7346270735875,37.9749741318558,"627","60001534","ΟΘΩΝΟΣ 6,ΑΘΗΝΑ 10563",ΣΗΜΕΙΟ ΛΙΑΝΙΚΗΣ
23.7514219761394,37.968539838814,"628","60001535","ΥΜΗΤΤΟΥ 74-76,11633",ΣΗΜΕΙΟ ΛΙΑΝΙΚΗΣ
23.7034959574163,37.9341330785445,"629","60001536","ΝΑΥΣΙΚΑΣ 42,ΠΑΛΑΙΟ ΦΑΛΗΡΟ 17564",ΣΗΜΕΙΟ ΛΙΑΝΙΚΗΣ
23.7658228684591,37.8915026940327,"630","60001537","ΓΕΝΝΗΜΑΤΑ 81,ΓΛΥΦΑΔΑ 16562",ΣΗΜΕΙΟ ΛΙΑΝΙΚΗΣ
23.7323920651606,37.9179019868628,"631","60001538","ΘΕΟΜΗΤΟΡΟΣ 15,ΑΛΙΜΟΣ 17456",ΣΗΜΕΙΟ ΛΙΑΝΙΚΗΣ
23.699011567518,37.9355359296672,"632","60001539","ΖΗΣΙΜΟΠΟΥΛΟΥ 64,ΠΑΛΑΙΟ ΦΑΛΗΡΟ 17564",ΣΗΜΕΙΟ ΛΙΑΝΙΚΗΣ
23.7124359911238,37.9115640436427,"633","60001540","ΛΕΩΦ.ΚΑΛΑΜΑΚΙΟΥ  11,ΑΛΙΜΟΣ 17455",ΣΗΜΕΙΟ ΛΙΑΝΙΚΗΣ
23.7047500055529,37.9535899339214,"634","70001002","ΔΑΒΑΚΗ 50,ΚΑΛΛΙΘΕΑ 17672",ΣΗΜΕΙΟ ΛΙΑΝΙΚΗΣ
23.7576203515998,37.9641801183802,"635","70001003","ΦΟΡΜΙΩΝΟΣ 139,ΒΥΡΩΝΑΣ 16121",ΣΗΜΕΙΟ ΛΙΑΝΙΚΗΣ
23.7088903406974,37.9578603304717,"636","70001004","ΑΡΙΣΤΕΙΔΟΥ 87,ΚΑΛΛΙΘΕΑ 17671",ΣΗΜΕΙΟ ΛΙΑΝΙΚΗΣ
23.7515603166931,37.930550018588,"637","70001005","ΚΟΤΖΙΑ 61,ΗΛΙΟΥΠΟΛΗ 16346",ΣΗΜΕΙΟ ΛΙΑΝΙΚΗΣ
23.7219302853617,37.9810602018875,"638","70001006","ΠΛΑΤΕΙΑ ΕΛΕΥΘΕΡΙΑΣ 6,ΑΘΗΝΑ 10555",ΣΗΜΕΙΟ ΛΙΑΝΙΚΗΣ
23.7056698804039,37.9582902604382,"639","70001007","ΘΗΣΕΩΣ 123,ΚΑΛΛΙΘΕΑ 17676",ΣΗΜΕΙΟ ΛΙΑΝΙΚΗΣ
23.7644358696604,37.9892527633133,"640","70001009","ΚΗΦΙΣΙΑΣ 44,ΑΜΠΕΛΟΚΗΠΟΙ 11526",ΣΗΜΕΙΟ ΛΙΑΝΙΚΗΣ
23.7593999141776,37.9824402073731,"641","70001010","ΚΑΙΣΑΡΕΙΑΣ 14,ΙΛΙΣΙΑ 11527",ΣΗΜΕΙΟ ΛΙΑΝΙΚΗΣ
23.7348803984976,38.0082200830153,"642","70001011","28ΗΣ ΟΚΤΩΒΡΙΟΥ 225,ΑΘΗΝΑ 11253",ΣΗΜΕΙΟ ΛΙΑΝΙΚΗΣ
23.7680399105803,37.9782498385476,"643","70001012","Λ.ΠΑΠΑΓΟΥ 62 64,ΖΩΓΡΑΦΟΥ 15771",ΣΗΜΕΙΟ ΛΙΑΝΙΚΗΣ
23.7822000544039,38.0046498390127,"644","70001013","Ν.ΠΑΡΙΤΣΗ 47,ΝΕΟ ΨΥΧΙΚΟ 15451",ΣΗΜΕΙΟ ΛΙΑΝΙΚΗΣ
23.768020147644,37.8385302671636,"645","70001014","ΒΑΣΙΛΕΩΣ ΠΑΥΛΟΥ 100,ΒΟΥΛΑ 16673",ΣΗΜΕΙΟ ΛΙΑΝΙΚΗΣ
23.7512099737323,37.9596402383404,"646","70001015","ΚΟΛΟΚΟΤΡΩΝΗ 40,ΒΥΡΩΝΑΣ 16232",ΣΗΜΕΙΟ ΛΙΑΝΙΚΗΣ
23.7603799761526,37.981039668003,"647","70001016","ΜΙΚΡΑΣ ΑΣΙΑΣ 13,ΓΟΥΔI 11527",ΣΗΜΕΙΟ ΛΙΑΝΙΚΗΣ
23.7566097469051,37.9325799919345,"648","70001019","ΕΛ.ΒΕΝΙΖΕΛΟΥ 145,ΗΛΙΟΥΠΟΛΗ 16343",ΣΗΜΕΙΟ ΛΙΑΝΙΚΗΣ
23.6955404772601,37.9519402151684,"649","70001020","ΕΛΕΥΘΕΡΙΟΥ ΒΕΝΙΖΕΛΟΥ 235,ΚΑΛΛΙΘΕΑ 17673",ΣΗΜΕΙΟ ΛΙΑΝΙΚΗΣ
23.6578004555437,37.96306606772,"650","70001022","ΘΗΒΩΝ 131,ΠΕΙΡΑΙΑΣ 18758",ΣΗΜΕΙΟ ΛΙΑΝΙΚΗΣ
23.7682896422293,38.0370099668122,"651","70001024","ΑΚΡΙΤΩΝ 27,ΚΑΛΟΓΡΕΖΑ 14235",ΣΗΜΕΙΟ ΛΙΑΝΙΚΗΣ
23.753722561582,37.9604490799489,"652","70001026","ΧΡΥΣΟΣΤΟΜΟΥ ΣΜΥΡΝΗΣ 89,ΒΥΡΩΝΑΣ 16232",ΣΗΜΕΙΟ ΛΙΑΝΙΚΗΣ
23.7073802727048,37.9678698921114,"653","70001028","ΑΡΙΣΤΟΒΟΥΛΟΥ 15,ΑΘΗΝΑ 11853",ΣΗΜΕΙΟ ΛΙΑΝΙΚΗΣ
23.7564264905872,37.9394177200705,"654","70001029","Α.ΠΑΠΑΝΔΡΕΟΥ 47,ΗΛΙΟΥΠΟΥΛΗ 16345",ΣΗΜΕΙΟ ΛΙΑΝΙΚΗΣ
23.6569407678168,37.9614611818133,"655","70001031","ΘΗΒΩΝ 110,ΑΓΙΟΣ ΙΩΑΝΝΗΣ ΡΕΝΤΗ 18233",ΣΗΜΕΙΟ ΛΙΑΝΙΚΗΣ
23.7933858763217,38.0592837015598,"656","70001032","Λ.ΕΙΡΗΝΗΣ 20,ΠΕΥΚΗ 15121",ΣΗΜΕΙΟ ΛΙΑΝΙΚΗΣ
23.7593100826492,37.9802799102357,"657","70001033","ΠΑΠΑΔΙΑΜΑΝΤΟΠΟΥΛΟΥ 59,ΑΘΗΝΑ 11527",ΣΗΜΕΙΟ ΛΙΑΝΙΚΗΣ
23.661633566861,37.9704958215848,"658","70001034","ΜΠΕΛΟΓΙΑΝΝΗ 99,ΝΙΚΑΙΑ 18454",ΣΗΜΕΙΟ ΛΙΑΝΙΚΗΣ
23.691910385197,37.925940034996,"659","70001035","ΑΓΙΟΥ ΑΛΕΞΑΝΔΡΟΥ 1,ΠΑΛΑΙΟ ΦΑΛΗΡΟ 17561",ΣΗΜΕΙΟ ΛΙΑΝΙΚΗΣ
23.7136801577924,37.921620304526,"660","70001036","ΑΓΙΑΣ ΒΑΡΒΑΡΑΣ 56,ΠΑΛΑΙΟ ΦΑΛΗΡΟ 17563",ΣΗΜΕΙΟ ΛΙΑΝΙΚΗΣ
23.7889302325125,38.0098303165897,"661","70001037","ΑΜΥΚΛΩΝ 29,ΧΑΛΑΝΔΡΙ 15231",ΣΗΜΕΙΟ ΛΙΑΝΙΚΗΣ
23.8073843233941,37.9978103968604,"662","70001038","17ης ΝΟΕΜΒΡΙΟΥ 124,ΧΟΛΑΡΓΟΣ 15562",ΣΗΜΕΙΟ ΛΙΑΝΙΚΗΣ
23.8583969534334,38.0581420951574,"663","70001039","ΗΡΩΩΝ ΠΟΛΥΤΕΧΝΕΙΟΥ 18,Ν. ΠΕΝΤΕΛΗ 15236",ΣΗΜΕΙΟ ΛΙΑΝΙΚΗΣ
23.7505281524317,37.9400454187,"664","70001040","ΚΑΝΑΡΗ 5,ΗΛΙΟΥΠΟΛΗ 16346",ΣΗΜΕΙΟ ΛΙΑΝΙΚΗΣ
23.7589094340325,37.9536869750472,"665","70001041","ΤΕΡΜΑ ΤΑΤΑΟΥΛΩΝ,ΒΥΡΩΝΑΣ 14565",ΣΗΜΕΙΟ ΛΙΑΝΙΚΗΣ
23.6660074639794,37.975862113483,"666","70001042","ΠΕΤΡΟΥ ΡΑΛΛΗ 90,ΝΙΚΑΙΑ 18454",ΣΗΜΕΙΟ ΛΙΑΝΙΚΗΣ
23.7507401548387,37.9177397003736,"667","70001044","Γ.ΠΑΠΑΝΔΡΕΟΥ 62,ΑΡΓΥΡΟΥΠΟΛΗ 16451",ΣΗΜΕΙΟ ΛΙΑΝΙΚΗΣ
23.7330020212385,37.9916450084323,"668","70001045","Λ.ΑΛΕΞΑΝΔΡΑΣ 8,ΑΘΗΝΑ 11473 (ΕΝΑΝΤΙ)",ΣΗΜΕΙΟ ΛΙΑΝΙΚΗΣ
23.7661399737544,37.9824897709663,"669","70001046","ΠΑΠΑΔΙΑΜΑΝΤΟΠΟΥΛΟΥ 117,ΓΟΥΔΙ 11527",ΣΗΜΕΙΟ ΛΙΑΝΙΚΗΣ
23.9288814655713,37.8443445910745,"670","70001047","ΑΘΗΝΩΝ 37,ΚΑΛΥΒΙΑ ΘΟΡΙΚΟΥ 19010",ΣΗΜΕΙΟ ΛΙΑΝΙΚΗΣ
23.6948299098704,37.9471098466316,"671","70001048","ΑΧΙΛΛΕΩΣ 50,ΚΑΛΛΙΘΕΑ 17674",ΣΗΜΕΙΟ ΛΙΑΝΙΚΗΣ
23.764760161478,37.8474501999999,"672","70001051","ΣΩΚΡΑΤΟΥΣ 12,ΒΟΥΛΑ 16673",ΣΗΜΕΙΟ ΛΙΑΝΙΚΗΣ
23.8167600400145,38.0884197563555,"673","70001052","ΧΑΡ.ΤΡΙΚΟΥΠΗ 146,Ν.ΕΡΥΘΡΑΙΑ 14671",ΣΗΜΕΙΟ ΛΙΑΝΙΚΗΣ
23.7906900321541,38.0592801650124,"674","70001053","Λ.ΕΙΡΗΝΗΣ 32,ΚΑΤΩ ΠΕΥΚΗ 15121",ΣΗΜΕΙΟ ΛΙΑΝΙΚΗΣ
23.747364286001,37.976427187107,"675","70001054","ΒΑΣ.ΣΟΦΙΑΣ 55,ΑΘΗΝΑ 10676",ΣΗΜΕΙΟ ΛΙΑΝΙΚΗΣ
23.7494402926226,38.0252301482566,"676","70001056","ΣΥΡΑΚΟΥΣΣΩΝ 58,ΓΑΛΑΤΣΙ 11142",ΣΗΜΕΙΟ ΛΙΑΝΙΚΗΣ
23.7156196204908,37.9532102681388,"677","70001057","ΑΙΓΑΙΟΥ 16,ΝΕΑ ΣΜΥΡΝΗ 17121",ΣΗΜΕΙΟ ΛΙΑΝΙΚΗΣ
23.7091903780023,37.9490600248463,"678","70001058","ΧΡΥΣ.ΣΜΥΡΝΗΣ 6,ΝΕΑ ΣΜΥΡΝΗ 17121",ΣΗΜΕΙΟ ΛΙΑΝΙΚΗΣ
23.8688946658437,38.0497973593765,"679","70001059","ΠΛΑΤΕΙΑ ΧΑΡΑΥΓΗΣ,ΠΑΛΑΙΑ ΠΕΝΤΕΛΗ 15236",ΣΗΜΕΙΟ ΛΙΑΝΙΚΗΣ
23.7763951410379,37.9930035763586,"680","70001061","ΚΑΝΕΛΟΠΟΥΛΟΥ & ΜΕΣΟΓΕΙΩΝ,ΑΘΗΝΑ 10177",ΣΗΜΕΙΟ ΛΙΑΝΙΚΗΣ
24.0087003718265,37.9921611114576,"681","70001062","ΥΠΑΠΑΝΤΗΣ & ΜΑΡΚΟΥ ΜΠΟΤΣΑΡΗ,ΑΡΤΕΜΙΔΑ 19016",ΣΗΜΕΙΟ ΛΙΑΝΙΚΗΣ
23.7372896800896,38.0027103393843,"682","70001063","ΑΓΙΑΣ ΖΩΝΗΣ 17,ΚΥΨΕΛΗ 11361",ΣΗΜΕΙΟ ΛΙΑΝΙΚΗΣ
23.7678710273069,37.9842230595678,"683","70001064","ΘΗΒΩΝ 10,ΓΟΥΔΙ 11527",ΣΗΜΕΙΟ ΛΙΑΝΙΚΗΣ
23.6970200025331,37.9525897653595,"684","70001065","ΣΠΑΡΤΗΣ & ΕΛ.ΒΕΝΙΖΕΛΟΥ,ΚΑΛΛΙΘΕΑ 17673",ΣΗΜΕΙΟ ΛΙΑΝΙΚΗΣ
23.7011504562095,37.9552098664341,"685","70001067","ΕΛ.ΒΕΝΙΖΕΛΟΥ 171,ΚΑΛΛΙΘΕΑ 17672",ΣΗΜΕΙΟ ΛΙΑΝΙΚΗΣ
23.5658803440962,37.967490300146,"686","70001068","ΚΑΡΑΟΛΗ ΔΗΜΗΤΡΙΟΥ 39,ΠΕΡΑΜΑ 18863",ΣΗΜΕΙΟ ΛΙΑΝΙΚΗΣ
23.8356102879365,38.0511399944624,"687","70001069","ΛΕΩΦ ΔΗΜΟΚΡΑΤΙΑΣ & ΚΥΚΛΑΔΩΝ 2,ΜΕΛΙΣΣΙΑ 15127",ΣΗΜΕΙΟ ΛΙΑΝΙΚΗΣ
23.6979380807534,37.9595481629866,"688","70001070","ΣΙΒΙΤΑΝΙΔΟΥ 43,ΚΑΛΛΙΘΕΑ 17676",ΣΗΜΕΙΟ ΛΙΑΝΙΚΗΣ
23.7412099279895,37.9767203438898,"689","70001072","ΠΛΑΤΕΙΑ ΦΙΛΙΚΗΣ ΕΤΑΙΡΕΙΑΣ 17,ΑΘΗΝΑ 10673",ΣΗΜΕΙΟ ΛΙΑΝΙΚΗΣ
23.7131196090551,38.0027697992592,"690","70001073","ΑΝΤΙΓΟΝΗΣ 214,ΣΕΠΟΛΙΑ(ΣΤΑΘΜΟΣ ΜΕΤΡΟ) 10444",ΣΗΜΕΙΟ ΛΙΑΝΙΚΗΣ
23.6547803195585,37.9581301879606,"691","70001074","ΑΓ.ΑΝΑΡΓΥΡΩΝ 2 & ΜΑΥΡΟΓΕΝΟΥΣ,ΚΑΜΙΝΙΑ 18542",ΣΗΜΕΙΟ ΛΙΑΝΙΚΗΣ
23.7891197770374,38.0278200593784,"692","70001075","ΕΡΥΘΡΟΥ ΣΤΑΥΡΟΥ 7,ΜΑΡΟΥΣΙ 15123",ΣΗΜΕΙΟ ΛΙΑΝΙΚΗΣ
23.7830552505543,38.0160989198227,"693","70001076","ΣΤΕΦΑΝΟΥ ΔΕΛΤΑ 15,Π ΨΥΧΙΚΟ 15452",ΣΗΜΕΙΟ ΛΙΑΝΙΚΗΣ
23.6447299681598,37.9341500829608,"694","70001077","ΖΑΝΝΗ 28,ΠΕΙΡΑΙΑΣ 18536",ΣΗΜΕΙΟ ΛΙΑΝΙΚΗΣ
23.6814297407772,37.9490302731519,"695","70001078","ΡΗΓΑ ΦΕΡΑΙΟΥ 97,ΜΟΣΧΑΤΟ 18344",ΣΗΜΕΙΟ ΛΙΑΝΙΚΗΣ
23.7453601446021,37.9929603914183,"696","70001080","ΒΑΛΤΙΝΩΝ & ΚΟΥΜΑΝΟΥΔΗ,ΓΚΥΖΗ 11474",ΣΗΜΕΙΟ ΛΙΑΝΙΚΗΣ
23.7691196855518,37.977960228348,"697","70001082","Λ.ΠΑΠΑΓΟΥ 74,ΖΩΓΡΑΦΟΥ 15771",ΣΗΜΕΙΟ ΛΙΑΝΙΚΗΣ
23.6840950422252,38.0381405825729,"698","70001083","ΑΝΑΤΟΛΙΚΗΣ ΡΩΜΥΛΙΑΣ 116,ΠΕΤΡΟΥΠΟΛΗ 13231",ΣΗΜΕΙΟ ΛΙΑΝΙΚΗΣ
23.6606103857524,37.9547898348931,"699","70001084","ΣΑΜΟΥ & ΑΓ. ΕΛΕΥΘΕΡΙΟΥ 86,ΚΑΜΙΝΙΑ 18454",ΣΗΜΕΙΟ ΛΙΑΝΙΚΗΣ
23.7688699539028,37.994779800482,"700","70001085","ΣΕΒΑΣΤΟΥΠΟΛΕΩΣ 133,ΑΜΠΕΛΟΚΗΠΟΙ 11525",ΣΗΜΕΙΟ ΛΙΑΝΙΚΗΣ
23.6677304326944,37.996774019196,"701","70001086","ΙΕΡΑΣ ΟΔΟΥ & ΑΓΙΑΣ ΜΑΡΙΝΗΣ,ΑΓΙΑ ΒΑΡΒΑΡΑ 12351",ΣΗΜΕΙΟ ΛΙΑΝΙΚΗΣ
23.8573504161274,38.0092902729634,"702","70001087","ΘΕΣΣΑΛΟΝΙΚΗΣ 4,ΓΕΡΑΚΑΣ 15344",ΣΗΜΕΙΟ ΛΙΑΝΙΚΗΣ
24.0083311642447,37.9716812832443,"703","70001088","Λ. ΑΡΤΕΜΙΔΟΣ 2 (ΕΝΑΝΤΙ ΞΕΝΟΔΟΧΕΙΟΥ ΜΕΔΟΥΣΣΑ),ΑΡΤΕΜΙΔΑ 19016",ΣΗΜΕΙΟ ΛΙΑΝΙΚΗΣ
23.7663402980627,37.8546001225747,"704","70001089","ΛΕΩΦ.ΒΟΥΛΙΑΓΜΕΝΗΣ & ΑΡΤΗΣ,ΓΛΥΦΑΔΑ 16674",ΣΗΜΕΙΟ ΛΙΑΝΙΚΗΣ
23.5646703134085,37.965139760675,"705","70001090","25ΗΣ ΜΑΡΤΙΟΥ 12,ΠΕΡΑΜΑ 18863",ΣΗΜΕΙΟ ΛΙΑΝΙΚΗΣ
23.7172958768109,38.0295586450746,"706","70001091","ΔΙΣΤΟΜΟΥ & ΗΡΩΩΝ ΠΟΛΥΤΕΧΝΕΙΟΥ 35,ΑΓ. ΑΝΑΡΓΥΡΟΙ 13561",ΣΗΜΕΙΟ ΛΙΑΝΙΚΗΣ
23.673243393593,37.9621545591539,"707","70001093","ΑΓ.ΙΩΑΝΝΗ ΡΕΝΤΗ 20,ΡΕΝΤΗΣ 18233",ΣΗΜΕΙΟ ΛΙΑΝΙΚΗΣ
23.6909402046902,38.0390200169312,"708","70001094","25ΗΣ ΜΑΡΤΙΟΥ 136,ΠΕΤΡΟΥΠΟΛΗ 13231",ΣΗΜΕΙΟ ΛΙΑΝΙΚΗΣ
23.7378304658906,38.0337326390268,"709","70001095","Λ.ΔΕΚΕΛΙΑΣ & ΠΛ.ΠΑΤΡΙΑΡΧΟΥ,Ν.ΦΙΛΑΔΕΛΦΕΙΑ 14341",ΣΗΜΕΙΟ ΛΙΑΝΙΚΗΣ
23.6843402822977,37.9992898997067,"710","70001096","Ν.ΠΛΑΣΤΗΡΑ 78,ΑΙΓΑΛΕΩ 12242",ΣΗΜΕΙΟ ΛΙΑΝΙΚΗΣ
23.7438006692689,37.9680809330641,"711","70001098","ΠΛ.ΠΛΑΣΤΗΡΑ 2,ΠΑΓΚΡΑΤΙ 11635",ΣΗΜΕΙΟ ΛΙΑΝΙΚΗΣ
23.6364600776542,37.9653996763927,"712","70001099","Π. ΡΑΛΛΗ 434,ΝΙΚΑΙΑ 18451",ΣΗΜΕΙΟ ΛΙΑΝΙΚΗΣ
23.8498099576325,37.9831602922866,"713","70001100","ΣΜΥΡΝΗΣ 60,ΓΛΥΚΑ ΝΕΡΑ 15354",ΣΗΜΕΙΟ ΛΙΑΝΙΚΗΣ
23.6606561998319,37.9780784800835,"714","70001101","ΧΡΥΣ. ΣΜΥΡΝΗΣ 47,ΝΙΚΑΙΑ 18454",ΣΗΜΕΙΟ ΛΙΑΝΙΚΗΣ
23.7057138978528,38.015391897461,"715","70001102","ΠΛΑΤΕΙΑ ΔΑΣΚΑΛΟΓΙΑΝΝΗ ΕΝΑΝΤΙ ΛΕΡΟΥ 16,ΠΕΡΙΣΤΕΡΙ 12133",ΣΗΜΕΙΟ ΛΙΑΝΙΚΗΣ
23.7350097558985,38.0125297672854,"716","70001103","ΠΑΤΗΣΙΩΝ 271,ΑΘΗΝΑ 11254",ΣΗΜΕΙΟ ΛΙΑΝΙΚΗΣ
23.6861539808564,38.0045748082292,"717","70001104","ΝΙΚΗΣ ΚΑΙ ΔΑΜΑΣΚΗΝΟΥ,ΠΕΡΙΣΤΕΡΙ 12136",ΣΗΜΕΙΟ ΛΙΑΝΙΚΗΣ
23.6838102762801,38.0062601510011,"718","70001105","ΤΖΩΝ ΚΕΝΝΕΝΤΥ 95,ΠΕΡΙΣΤΕΡΙ 12136",ΣΗΜΕΙΟ ΛΙΑΝΙΚΗΣ
23.7888404009841,38.1295098459043,"719","70001106","ΠΛΑΤΕΙΑ ΒΑΡΥΜΠΟΜΠΗΣ 6,ΒΑΡΥΜΠΟΜΠΗ 13676",ΣΗΜΕΙΟ ΛΙΑΝΙΚΗΣ
23.755249697565,37.9807599817621,"720","70001108","ΒΑΣ.ΣΟΦΙΑΣ 82,ΑΘΗΝΑ 11528",ΣΗΜΕΙΟ ΛΙΑΝΙΚΗΣ
23.6606678779306,37.9787539983203,"721","70001113","ΓΡ. ΛΑΜΠΡΑΚΗ ΠΛ.ΑΡΕΩΣ,ΝΙΚΑΙΑ 18454",ΣΗΜΕΙΟ ΛΙΑΝΙΚΗΣ
23.6581148658931,37.9679839109565,"722","70001114","ΜΠΕΛΟΓΙΑΝΝΗ & ΠΑΡΑΣΚΕΥΟΠΟΥΛΟΥ,ΝΙΚΑΙΑ 18454",ΣΗΜΕΙΟ ΛΙΑΝΙΚΗΣ
23.6436259386756,37.9997578128154,"723","70001115","ΔΕΡΒΕΝΑΚΙΩΝ & ΤΡΙΩΝ ΙΕΡΑΡΧΩΝ,ΚΟΡΥΔΑΛΛΟΣ 18122",ΣΗΜΕΙΟ ΛΙΑΝΙΚΗΣ
23.6550614922424,37.9445057502655,"724","70001116","ΤΖΑΒΕΛΑ & ΠΥΛΗΣ,ΠΕΙΡΑΙΑΣ 18533",ΣΗΜΕΙΟ ΛΙΑΝΙΚΗΣ
23.5501517417865,38.0432401643924,"725","70001117","ΑΒΕΡΩΦ 48,ΕΛΕΥΣΙΝΑ 19200",ΣΗΜΕΙΟ ΛΙΑΝΙΚΗΣ
23.7424963154763,37.9862706663866,"726","70001118","ΙΠΠΟΚΡΑΤΟΥΣ 147,ΑΘΗΝΑ 11472",ΣΗΜΕΙΟ ΛΙΑΝΙΚΗΣ
23.8307117746922,38.0400175925982,"727","70001119","ΛΕΩΦ.ΠΕΝΤΕΛΗΣ 78,ΒΡΙΛΗΣΣΙΑ 15235",ΣΗΜΕΙΟ ΛΙΑΝΙΚΗΣ
23.7589148239242,37.9836913238315,"728","70001120","ΒΑΣ.ΣΟΦΙΑΣ 112,ΑΘΗΝΑ 11527",ΣΗΜΕΙΟ ΛΙΑΝΙΚΗΣ
23.7608318287405,37.9867209622959,"729","70001121","ΛΕΩΦ. ΑΛΕΞΑΝΔΡΑΣ 227,ΑΘΗΝΑ 11523",ΣΗΜΕΙΟ ΛΙΑΝΙΚΗΣ
23.8386717464247,38.1084739685792,"730","70001122","ΠΛ. ΤΖΩΝ ΚΕΝΝΕΝΤΥ,ΕΚΑΛΗ 14578",ΣΗΜΕΙΟ ΛΙΑΝΙΚΗΣ
23.6689395650668,38.102910268113,"731","70001123","ΦΥΛΗΣ 29,ΧΑΣΙΑ 13351",ΣΗΜΕΙΟ ΛΙΑΝΙΚΗΣ
23.7979340466052,38.0227470026953,"732","70001124","ΚΟΛΟΚΟΤΡΩΝΗ 19,ΧΑΛΑΝΔΡΙ 15233",ΣΗΜΕΙΟ ΛΙΑΝΙΚΗΣ
23.7693325862741,38.0009385545588,"733","70001125","ΒΑΣ.ΠΑΥΛΟΥ & ΑΜΑΡΥΛΛΙΔΟΣ,Π.ΨΥΧΙΚΟ 15452",ΣΗΜΕΙΟ ΛΙΑΝΙΚΗΣ
23.6598800554264,37.9540099723236,"734","70001126","ΑΓΓΕΛΟΠΟΥΛΟΥ 36,ΠΕΙΡΑΙΑΣ 18541",ΣΗΜΕΙΟ ΛΙΑΝΙΚΗΣ
23.7077503786019,37.9600397023847,"735","70001127","ΕΛ.ΒΕΝΙΖΕΛΟΥ 72,ΚΑΛΛΙΘΕΑ 17676",ΣΗΜΕΙΟ ΛΙΑΝΙΚΗΣ
23.749517547737,37.9932902953996,"736","70001128","ΠΛΑΤΕΙΑ ΓΚΥΖΗ 2,ΑΘΗΝΑ 11475",ΣΗΜΕΙΟ ΛΙΑΝΙΚΗΣ
23.7447007811836,37.9789798777692,"737","70001129","ΞΕΝΟΚΡΑΤΟΥΣ 20,ΑΘΗΝΑ 10675",ΣΗΜΕΙΟ ΛΙΑΝΙΚΗΣ
23.7509234111567,37.9631730116509,"738","70001130","ΚΥΠΡΟΥ 1,ΒΥΡΩΝΑΣ 16232",ΣΗΜΕΙΟ ΛΙΑΝΙΚΗΣ
23.7291608250836,38.0401187644068,"739","70001131","ΑΚΡΟΠΟΛΕΩΣ & ΔΩΔΕΚΑΝΝΗΣΟΥ,ΑΓ.ΑΝΑΡΓΥΡΟΙ 13562",ΣΗΜΕΙΟ ΛΙΑΝΙΚΗΣ
23.7098398599527,37.9926899540008,"740","70001132","ΠΛΑΤΩΝΟΣ 148,ΑΘΗΝΑ 10442",ΣΗΜΕΙΟ ΛΙΑΝΙΚΗΣ
23.8073097632256,38.0458591512008,"741","70001133","ΛΕΩΦΟΡΟΣ ΚΗΦΙΣΙΑΣ 68,ΜΑΡΟΥΣΙ 15125",ΣΗΜΕΙΟ ΛΙΑΝΙΚΗΣ
23.857345924551,38.0567620998269,"742","70001137","25ΗΣ ΜΑΡΤΙΟΥ 1,ΝΕΑ ΠΕΝΤΕΛΗ 15236",ΣΗΜΕΙΟ ΛΙΑΝΙΚΗΣ
23.7082085193968,38.0319078284161,"743","70001138","ΠΡΩΤΕΣΙΛΑΟΥ 75 (ΕΝΑΝΤΙ),ΙΛΙΟΝ 13121",ΣΗΜΕΙΟ ΛΙΑΝΙΚΗΣ
23.6400632202588,37.9842527970051,"744","70001139","ΜΠΟΥΜΠΟΥΛΙΝΑΣ & ΒΟΥΡΝΟΒΑ,ΚΟΡΥΔΑΛΛΟΣ 18122",ΣΗΜΕΙΟ ΛΙΑΝΙΚΗΣ
23.6323700481656,37.9612897841581,"745","70001140","ΔΟΓΑΝΗΣ 157,ΠΕΙΡΑΙΑΣ 18546",ΣΗΜΕΙΟ ΛΙΑΝΙΚΗΣ
23.6487104031837,37.9852397898746,"746","70001141","ΙΘΑΚΗΣ 42,ΚΟΡΥΔΑΛΛΟΣ 18121",ΣΗΜΕΙΟ ΛΙΑΝΙΚΗΣ
23.7387898666141,37.959050245804,"747","70001142","ΦΙΛΟΛΑΟΥ 228,ΠΑΓΚΡΑΤΙ 11631",ΣΗΜΕΙΟ ΛΙΑΝΙΚΗΣ
23.680240371341,38.0094842078296,"748","70001143","ΤΖΩΝ ΚΕΝΝΕΝΤΥ 154,ΠΕΡΙΣΤΕΡΙ 12136",ΣΗΜΕΙΟ ΛΙΑΝΙΚΗΣ
23.7631719400556,37.9547926681662,"749","70001144","ΤΜΩΛΟΥ 28 (ΕΝΑΝΤΙ) ΠΛ.ΚΡΗΤΗΣ ,ΒΥΡΩΝΑΣ 16233",ΣΗΜΕΙΟ ΛΙΑΝΙΚΗΣ
23.8225775297945,38.0051163022558,"750","70001145","ΕΙΡΗΝΗΣ 110,ΑΓΙΑ ΠΑΡΑΣΚΕΥΗ 15341",ΣΗΜΕΙΟ ΛΙΑΝΙΚΗΣ
23.7447196458045,38.0052699017941,"751","70001146","ΦΑΙΔΡΙΑΔΩΝ 60,ΚΥΨΕΛΗ 11364",ΣΗΜΕΙΟ ΛΙΑΝΙΚΗΣ
23.7522798672357,38.1196425018949,"752","70001147","Λ. ΘΡΑΚΟΜΑΚΕΔΟΝΩΝ 155,ΑΧΑΡΝΑΙ 13679",ΣΗΜΕΙΟ ΛΙΑΝΙΚΗΣ
23.6477465108838,37.943684689865,"753","70001148","ΗΡ. ΠΟΛΥΤΕΧΝΕΙΟΥ 37,ΠΕΙΡΑΙΑΣ 18532",ΣΗΜΕΙΟ ΛΙΑΝΙΚΗΣ
23.6646608893685,37.9992099082107,"754","70001149","ΙΕΡΑ ΟΔΟΣ 396,ΧΑΙΔΑΡΙ(ΜΠΡΟΣΤΑ ΣΤΟ ΔΡΟΜΟΚΑΪΤΙΟ) 12461",ΣΗΜΕΙΟ ΛΙΑΝΙΚΗΣ
23.7339263876658,37.9445156681089,"755","70001150","ΑΓ.ΔΗΜΗΤΡΙΟΥ 42,ΑΓΙΟΣ ΔΗΜΗΤΡΙΟΣ 17341",ΣΗΜΕΙΟ ΛΙΑΝΙΚΗΣ
23.6212803459831,37.9616701164304,"756","70001151","ΒΥΖΑΝΤΙΟΥ 30,ΚΕΡΑΤΣΙΝΙ 18756",ΣΗΜΕΙΟ ΛΙΑΝΙΚΗΣ
23.7334610603487,37.9997585206998,"757","70001152","ΠΑΤΗΣΙΩΝ 144,ΑΘΗΝΑ 11257",ΣΗΜΕΙΟ ΛΙΑΝΙΚΗΣ
23.6186015698059,37.9638918691309,"758","70001155","Λ.ΣΑΛΑΜΙΝΟΣ 150,ΚΕΡΑΤΣΙΝΙ 18757",ΣΗΜΕΙΟ ΛΙΑΝΙΚΗΣ
23.6992675873739,37.9505157180324,"759","70001158","ΣΟΦΟΚΛΕΟΥΣ 194,ΚΑΛΛΙΘΕΑ 17673",ΣΗΜΕΙΟ ΛΙΑΝΙΚΗΣ
23.7484853834756,37.9600857397679,"760","70001160","ΕΜΠΕΔΟΚΛΕΟΥΣ 121,ΒΥΡΩΝΑΣ 16232",ΣΗΜΕΙΟ ΛΙΑΝΙΚΗΣ
23.7355550332759,37.977415701431,"761","70001162","ΠΑΝΕΠΙΣΤΗΜΙΟΥ 10,ΑΘΗΝΑ 10671",ΣΗΜΕΙΟ ΛΙΑΝΙΚΗΣ
23.8485442313972,37.9933773728124,"762","70001163","Λ.ΛΑΥΡΙΟΥ 115,ΓΛΥΚΑ ΝΕΡΑ 15354",ΣΗΜΕΙΟ ΛΙΑΝΙΚΗΣ
23.7646631434273,37.9751306270053,"763","70001164","ΓΡΗΓΟΡΙΟΥ ΑΥΞΕΝΤΙΟΥ 70,ΙΛΙΣΙΑ 15771",ΣΗΜΕΙΟ ΛΙΑΝΙΚΗΣ
23.5691484150998,37.9674938411249,"764","70001165","ΠΕΛΟΠΟΝΝΗΣΟΥ 40,ΠΕΡΑΜΑ 18863",ΣΗΜΕΙΟ ΛΙΑΝΙΚΗΣ
23.7364497552989,37.9291697464082,"765","70001166","ΣΟΥΛΙΟΥ 100,ΑΓΙΟΣ ΔΗΜΗΤΡΙΟΣ 17342",ΣΗΜΕΙΟ ΛΙΑΝΙΚΗΣ
23.6556301258173,37.9527597666422,"766","70001167","ΔΩΔΕΚΑΝΗΣΟΥ 37,ΚΑΜΙΝΙΑ 18540",ΣΗΜΕΙΟ ΛΙΑΝΙΚΗΣ
23.7021996884613,37.9504597576109,"767","70001168","ΔΗΜΟΣΘΕΝΟΥΣ 165,ΚΑΛΛΙΘΕΑ 17673",ΣΗΜΕΙΟ ΛΙΑΝΙΚΗΣ
23.7057695934004,37.9524998061882,"768","70001169","ΔΑΒΑΚΗ 23,ΚΑΛΛΙΘΕΑ 17675",ΣΗΜΕΙΟ ΛΙΑΝΙΚΗΣ
23.6120133255121,37.96542729681,"769","70001170","Λ. ΣΧΙΣΤΟΥ (ΕΘΝ.ΑΝΤΙΣΤΑΣΕΩΣ) & ΓΚΙΩΝΑΣ,ΚΕΡΑΤΣΙΝΙ 18758",ΣΗΜΕΙΟ ΛΙΑΝΙΚΗΣ
23.7380388750365,37.9664867798452,"770","70001171","ΜΑΡΚΟΥ ΜΟΥΣΟΥΡΟΥ 28,ΠΑΓΚΡΑΤΙ 11636",ΣΗΜΕΙΟ ΛΙΑΝΙΚΗΣ
23.7329696818883,37.9906099595977,"771","70001172","ΜΕΤΣΟΒΟΥ 15,ΑΘΗΝΑ 10682",ΣΗΜΕΙΟ ΛΙΑΝΙΚΗΣ
23.7411407577126,37.9769264026668,"772","70001173","ΠΛΑΤΕΙΑ ΦΙΛΙΚΗΣ ΕΤΑΙΡΙΑΣ,ΑΘΗΝΑ 10674",ΣΗΜΕΙΟ ΛΙΑΝΙΚΗΣ
23.8002418185701,37.9951663306031,"773","70001174","25ΗΣ ΜΑΡΤΙΟΥ & ΥΜΗΤΤΟΥ,ΧΟΛΑΡΓΟΣ 15561",ΣΗΜΕΙΟ ΛΙΑΝΙΚΗΣ
23.6479890560105,37.941103142524,"774","70001176","ΣΩΤΗΡΟΣ 34,ΠΕΙΡΑΙΑΣ 18535",ΣΗΜΕΙΟ ΛΙΑΝΙΚΗΣ
23.7668909653319,37.9419228148837,"775","70001177","ΑΝΑΣΤΑΣΕΩΣ 58,ΗΛΙΟΥΠΟΛΗ 16343",ΣΗΜΕΙΟ ΛΙΑΝΙΚΗΣ
23.6898496499352,37.9509697750663,"776","70001178","ΑΧΙΛΛΕΩΣ & ΚΡΕΜΟΥ,ΚΑΛΛΙΘΕΑ 17675",ΣΗΜΕΙΟ ΛΙΑΝΙΚΗΣ
23.771159759562,38.0032964417612,"777","70001179","ΠΛ.ΕΥΚΑΛΥΠΤΩΝ,ΠΑΛΑΙΟ ΨΥΧΙΚΟ 15452",ΣΗΜΕΙΟ ΛΙΑΝΙΚΗΣ
23.8085224888591,38.0732623379925,"778","70001180","ΓΡ.ΛΑΜΠΡΑΚΗ 215,ΚΗΦΙΣΙΑ 14561",ΣΗΜΕΙΟ ΛΙΑΝΙΚΗΣ
23.7703647505356,38.1113160918808,"779","70001181","ΚΑΚΛΑΜΑΝΑΚΗ 39 (ΟΤ29-ΟΛΥΜΠΙΑΚΟ ΧΩΡΙΟ,ΑΧΑΡΝΕΣ 13671",ΣΗΜΕΙΟ ΛΙΑΝΙΚΗΣ
23.6907299989137,38.036400077972,"780","70001182","ΚΑΠΟΔΙΣΤΡΙΟΥ 30,ΠΕΤΡΟΥΠΟΛΗ 13221",ΣΗΜΕΙΟ ΛΙΑΝΙΚΗΣ
23.7394501283479,38.0769742019496,"781","70001184","ΦΙΛΑΔΕΛΦΕΙΑΣ 55,ΑΧΑΡΝΕΣ 13671",ΣΗΜΕΙΟ ΛΙΑΝΙΚΗΣ
23.7496460068226,37.9411931156497,"782","70001187","ΜΑΡΙΝΟΥ ΑΝΤΥΠΑ 50 (ΕΝΑΝΤΙ),ΗΛΙΟΥΠΟΛΗ 16341",ΣΗΜΕΙΟ ΛΙΑΝΙΚΗΣ
23.6995855909845,38.0064385218456,"783","70001188","ΕΘΝΑΡΧΟΥ ΜΑΚΑΡΙΟΥ 72,ΠΕΡΙΣΤΕΡΙ 12132",ΣΗΜΕΙΟ ΛΙΑΝΙΚΗΣ
23.7365925874291,37.9957163891866,"784","70001189","ΣΠΕΤΣΩΝ 14,ΚΥΨΕΛΗ 11362",ΣΗΜΕΙΟ ΛΙΑΝΙΚΗΣ
23.6375398526257,37.9584297923576,"785","70001190","ΔΕΡΒΕΝΑΚΙΩΝ 97,ΠΕΙΡΑΙΑΣ 18544",ΣΗΜΕΙΟ ΛΙΑΝΙΚΗΣ
23.6728104056261,37.9977098745315,"786","70001192","ΕΒΡΟΥ 35,ΑΙΓΑΛΕΩ 12243",ΣΗΜΕΙΟ ΛΙΑΝΙΚΗΣ
23.6516398093252,37.9648600138473,"787","70001194","ΠΕΡΙΣΤΑΣΕΩΣ & ΜΑΔΥΤΟΥ,ΝΙΚΑΙΑ 18450",ΣΗΜΕΙΟ ΛΙΑΝΙΚΗΣ
23.7595364581008,37.9289926048785,"788","70001195","ΠΛΑΤΕΙΑ Ν.ΠΛΑΣΤΗΡΑ 1,ΗΛΙΟΥΠΟΛΗ 16342",ΣΗΜΕΙΟ ΛΙΑΝΙΚΗΣ
23.7225734791051,38.0130917274774,"789","70001196","ΣΤΡΑΤΗΓΟΥ ΚΑΛΑΡΗ 57,ΑΘΗΝΑ 10445",ΣΗΜΕΙΟ ΛΙΑΝΙΚΗΣ
23.6662473141603,38.0072397696513,"790","70001197","ΑΚΡΙΤΑ 13,ΧΑΙΔΑΡΙ 12461",ΣΗΜΕΙΟ ΛΙΑΝΙΚΗΣ
23.7419043257041,37.9294354579024,"791","70001199","ΚΟΡΥΤΣΑΣ 21,ΑΓΙΟΣ ΔΗΜΗΤΡΙΟΣ 17342",ΣΗΜΕΙΟ ΛΙΑΝΙΚΗΣ
23.6323529801752,37.9493277895533,"792","70001201","ΕΘΝ. ΑΝΤΙΣΤΑΣΕΩΣ & ΔΟΓΑΝΗΣ,ΔΡΑΠΕΤΣΩΝΑ 18648",ΣΗΜΕΙΟ ΛΙΑΝΙΚΗΣ
23.6672300710811,37.9978896819803,"793","70001202","ΙΕΡΑ ΟΔΟΣ 390,ΑΙΓΑΛΕΩ 12243",ΣΗΜΕΙΟ ΛΙΑΝΙΚΗΣ
23.7516744027342,37.9760391420287,"794","70001204","ΧΑΤΖΗΓΙΑΝΝΗ ΜΕΞΗ 7,ΑΘΗΝΑ 11528",ΣΗΜΕΙΟ ΛΙΑΝΙΚΗΣ
23.7394501283479,37.9246631332145,"795","70001205","ΔΩΔΕΚΑΝΗΣΟΥ 32 &ΚΥΠΡΟΥ,ΑΛΙΜΟΣ 17456",ΣΗΜΕΙΟ ΛΙΑΝΙΚΗΣ
23.7102494917223,37.9579127438149,"796","70001206","ΧΑΡΟΚΟΠΟΥ 54 & ΣΟΦΟΚΛΕΟΥΣ,ΚΑΛΛΙΘΕΑ 17671",ΣΗΜΕΙΟ ΛΙΑΝΙΚΗΣ
23.5944916858954,38.0646647142144,"797","70001207","ΘΕΡΜΟΠΥΛΩΝ ΚΑΙ ΦΥΛΗΣ,ΑΣΠΡΟΠΥΡΓΟΣ 19300",ΣΗΜΕΙΟ ΛΙΑΝΙΚΗΣ
23.6354970836696,37.979139904795,"798","70001208","ΒΟΥΛΓΑΡΗ 4,ΝΙΚΑΙΑ ΝΕΑΠΟΛΗ 18453",ΣΗΜΕΙΟ ΛΙΑΝΙΚΗΣ
23.7032255645158,37.938838192197,"799","70001211","ΙΑΣΩΝΟΣ 37,ΠΑΛΑΙΟ ΦΑΛΗΡΟ 17564",ΣΗΜΕΙΟ ΛΙΑΝΙΚΗΣ
23.6198295667993,37.9642700632461,"800","70001212","Λ.ΣΑΛΑΜΙΝΟΣ 136,ΚΕΡΑΤΣΙΝΙ 18756",ΣΗΜΕΙΟ ΛΙΑΝΙΚΗΣ
23.7645778034753,37.9369267096794,"801","70001214","ΑΡΧΙΜΗΔΟΥΣ 61 &,ΗΛΙΟΥΠΟΛΗ 16343",ΣΗΜΕΙΟ ΛΙΑΝΙΚΗΣ
23.7342066620345,37.9273139905594,"802","70001217","ΣΟΥΛΙΟΥ 132,ΑΓΙΟΣ ΔΗΜΗΤΡΙΟΣ 17342",ΣΗΜΕΙΟ ΛΙΑΝΙΚΗΣ
23.6273206179535,37.9310339579856,"803","70001218","ΑΚΤΗ ΘΕΜΙΣΤΟΚΛΕΟΥΣ 326,ΠΕΙΡΑΙΑΣ 18539",ΣΗΜΕΙΟ ΛΙΑΝΙΚΗΣ
23.7364704165505,37.9833203101967,"804","70001219","ΙΠΠΟΚΡΑΤΟΥΣ 47,ΑΘΗΝΑ 10680",ΣΗΜΕΙΟ ΛΙΑΝΙΚΗΣ
23.789090132633,38.0283507675679,"805","70001220","ΕΡΥΘΡΟΥ ΣΤΑΥΡΟΥ 4,ΜΑΡΟΥΣΙ 15123",ΣΗΜΕΙΟ ΛΙΑΝΙΚΗΣ
23.8235513035624,38.0526113470971,"806","70001221","ΠΕΝΤΕΛΗΣ 68,ΜΑΡΟΥΣΙ 15126",ΣΗΜΕΙΟ ΛΙΑΝΙΚΗΣ
23.8140579076399,38.0531814882924,"807","70001222","ΠΕΝΤΕΛΗΣ 22,ΜΑΡΟΥΣΙ 15126",ΣΗΜΕΙΟ ΛΙΑΝΙΚΗΣ
23.7413276072917,38.0513041083371,"808","70001224","ΣΟΦΟΥΛΗ 54,ΝΕΑ ΦΙΛΑΔΕΛΦΕΙΑ 14342",ΣΗΜΕΙΟ ΛΙΑΝΙΚΗΣ
23.7958598366142,37.9794882810074,"809","70001225","ΠΛ.ΚΟΝΙΤΣΗΣ ΠΑΠΑΓΟΥ,ΠΑΠΑΓΟΥ 15669",ΣΗΜΕΙΟ ΛΙΑΝΙΚΗΣ
23.7101461854646,37.9302814769037,"810","70001226","ΕΛ. ΒΕΝΙΖΕΛΟΥ 235,Π. ΦΑΛΗΡΟ 17563",ΣΗΜΕΙΟ ΛΙΑΝΙΚΗΣ
23.6854658713487,37.9424583953419,"811","70001227","ΠΟΣΕΙΔΩΝΟΣ 34,ΚΑΛΛΙΘΕΑ 0",ΣΗΜΕΙΟ ΛΙΑΝΙΚΗΣ
23.7015771559694,37.9554995663839,"812","70001228","ΕΛ.ΒΕΝΙΖΕΛΟΥ 165,ΚΑΛΛΙΘΕΑ 17672",ΣΗΜΕΙΟ ΛΙΑΝΙΚΗΣ
23.729389895481,38.0617500481474,"813","70001229","ΑΓ. ΑΝΝΗΣ 50,ΑΧΑΡΝΕΣ 13671",ΣΗΜΕΙΟ ΛΙΑΝΙΚΗΣ
23.7352585892322,38.0141342442322,"814","70001230","ΠΑΤΗΣΙΩΝ 289,ΑΘΗΝΑ 11141",ΣΗΜΕΙΟ ΛΙΑΝΙΚΗΣ
23.7095299411797,37.9885199943185,"815","70001233","ΑΡΓΟΥΣ 124,ΚΟΛΩΝΟΣ 10441",ΣΗΜΕΙΟ ΛΙΑΝΙΚΗΣ
23.8584409708824,38.1205280238152,"816","70001234","Λ.ΜΑΡΑΘΩΝΟΣ & Λ.ΣΤΑΜΑΤΑΣ,ΠΛΑΤΕΙΑ ΔΡΟΣΙΑΣ 14572",ΣΗΜΕΙΟ ΛΙΑΝΙΚΗΣ
23.7147958653752,37.9566689792609,"817","70001235","ΔΟΫΡΑΝΗΣ 2,ΚΑΛΛΙΘΕΑ 17671",ΣΗΜΕΙΟ ΛΙΑΝΙΚΗΣ
23.71727701219,37.935537346675,"818","70001237","ΕΥΞΕΙΝΟΥ ΠΟΝΤΟΥ 131,ΝΕΑ ΣΜΥΡΝΗ 17123",ΣΗΜΕΙΟ ΛΙΑΝΙΚΗΣ
23.7308730140151,38.0562874772745,"819","70001239","Λ.ΔΗΜΟΚΡΑΤΙΑΣ 297Α,ΑΧΑΡΝΕΣ 13671",ΣΗΜΕΙΟ ΛΙΑΝΙΚΗΣ
23.6203595728169,37.962080193154,"820","70001240","ΚΑΙΣΑΡΕΙΑΣ 41,ΚΕΡΑΤΣΙΝΙ 18756",ΣΗΜΕΙΟ ΛΙΑΝΙΚΗΣ
23.7681998107009,37.992399692836,"821","70001241","ΕΡΥΘΡΟΥ ΣΤΑΥΡΟΥ 16,ΑΘΗΝΑ 11523",ΣΗΜΕΙΟ ΛΙΑΝΙΚΗΣ
23.6632002287165,37.97780019875,"822","70001243","ΓΡΗΓ.ΛΑΜΠΡΑΚΗ 52,ΝΙΚΑΙΑ 18454",ΣΗΜΕΙΟ ΛΙΑΝΙΚΗΣ
23.6672399525492,37.9535403508149,"823","70001244","ΑΠΟΛΛΩΝΙΑΣ 16,ΚΑΜΙΝΙΑ 18541",ΣΗΜΕΙΟ ΛΙΑΝΙΚΗΣ
23.7433200705919,37.98868000054,"824","70001247","ΛΟΥΚΑΡΕΩΣ 39,ΑΘΗΝΑ 11475",ΣΗΜΕΙΟ ΛΙΑΝΙΚΗΣ
23.7539049195847,37.9592322728184,"825","70001250","ΚΥΠΡΟΥ 100 & ΑΓ.ΣΟΦΙΑΣ,ΒΥΡΩΝΑΣ 16232",ΣΗΜΕΙΟ ΛΙΑΝΙΚΗΣ
23.6767225686884,38.0121065249011,"826","70001251","ΤΖΩΝ ΚΕΝΝΕΝΤΥ 181,ΠΕΡΙΣΤΕΡΙ 12136",ΣΗΜΕΙΟ ΛΙΑΝΙΚΗΣ
23.639602384518,37.9815360199478,"827","70001252","ΠΛ.ΑΝΑΛΗΨΕΩΣ 9 11,ΝΙΚΑΙΑ 18452",ΣΗΜΕΙΟ ΛΙΑΝΙΚΗΣ
23.745935066384,38.0078930774151,"828","70001253","ΚΑΡΤΕΡΙΑΣ & ΠΑΡΝΗΘΟΣ,ΑΝΩ ΚΥΨΕΛΗ 11364",ΣΗΜΕΙΟ ΛΙΑΝΙΚΗΣ
23.7427846746825,38.0026898115591,"829","70001254","ΒΕΛΒΕΝΔΟΥ 2,ΚΥΨΕΛΗ 11363",ΣΗΜΕΙΟ ΛΙΑΝΙΚΗΣ
23.7482087023681,37.9904520815082,"830","70001255","ΓΚΥΖΗ Ν. 23,ΓΚΥΖΗ 11474",ΣΗΜΕΙΟ ΛΙΑΝΙΚΗΣ
23.7424001957409,37.9752113528795,"831","70001256","ΒΑΣ.ΣΟΦΙΑΣ 18,ΑΘΗΝΑ 10674",ΣΗΜΕΙΟ ΛΙΑΝΙΚΗΣ
23.7122419550225,37.9460118303091,"832","70001260","ΟΜΗΡΟΥ 52,Ν. ΣΜΥΡΝΗ 17121",ΣΗΜΕΙΟ ΛΙΑΝΙΚΗΣ
23.6933324182918,37.9233160557472,"833","70001265","Λ.ΠΟΣΕΙΔΩΝΟΣ 43,ΠΑΛΑΙΟ ΦΑΛΗΡΟ 17561",ΣΗΜΕΙΟ ΛΙΑΝΙΚΗΣ
23.6483618568535,37.9422458638812,"834","70001267","ΒΑΣΙΛΕΩΣ ΓΕΩΡΓΙΟΥ 13Α,ΠΕΙΡΑΙΑΣ 18532",ΣΗΜΕΙΟ ΛΙΑΝΙΚΗΣ
23.7386209833406,37.9994463429996,"835","70001268","ΑΓΙΟΥ ΜΕΛΕΤΙΟΥ 1,ΑΘΗΝΑ 11361",ΣΗΜΕΙΟ ΛΙΑΝΙΚΗΣ
23.7326058641982,37.9979179980738,"836","70001269","ΠΑΤΗΣΙΩΝ 131,ΑΘΗΝΑ 11251",ΣΗΜΕΙΟ ΛΙΑΝΙΚΗΣ
23.7352343347195,37.9654598747247,"837","70001273","ΑΝΑΠΑΥΣΕΩΣ 25,ΜΕΤΣ 11636",ΣΗΜΕΙΟ ΛΙΑΝΙΚΗΣ
23.7579841692898,37.9869114168096,"838","70001275","ΛΕΩΦΟΡΟΣ ΑΛΕΞΑΝΔΡΑΣ 192Α,ΑΘΗΝΑ 11521",ΣΗΜΕΙΟ ΛΙΑΝΙΚΗΣ
23.7407841265448,37.9382756632157,"839","70001276","ΠΛΑΤΕΙΑ ΠΑΝΑΓΟΥΛΗ,ΑΓΙΟΣ ΔΗΜΗΤΡΙΟΣ 17456",ΣΗΜΕΙΟ ΛΙΑΝΙΚΗΣ
23.756625018265,37.8519544483102,"840","70001277","ΙΩΑΝΝΟΥ ΜΕΤΑΞΑ 20,ΓΛΥΦΑΔΑ 16673",ΣΗΜΕΙΟ ΛΙΑΝΙΚΗΣ
23.7703288179242,37.9954261399977,"841","70001279","ΠΑΠΑΔΑ 51,ΑΘΗΝΑ 11526",ΣΗΜΕΙΟ ΛΙΑΝΙΚΗΣ
23.7851384436982,37.9989925857415,"842","70001280","ΜΕΣΟΓΕΙΩΝ 156,ΧΟΛΑΡΓΟΣ 15510",ΣΗΜΕΙΟ ΛΙΑΝΙΚΗΣ
23.7746191717212,38.0657057897962,"843","70001281","ΚΑΡΑΟΛΗ ΚΑΙ ΔΗΜΗΤΡΙΟΥ 11,ΛΥΚΟΒΡΥΣΗ 14123",ΣΗΜΕΙΟ ΛΙΑΝΙΚΗΣ
23.7855777198721,38.0682511289153,"844","70001282","ΑΓ.ΒΑΡΒΑΡΑΣ 26,ΛΥΚΟΒΡΥΣΗ 14123",ΣΗΜΕΙΟ ΛΙΑΝΙΚΗΣ
23.7382562673353,38.0582121198546,"845","70001283","Λ.ΦΙΛΑΔΕΛΦΕΙΑΣ 229,ΑΧΑΡΝΕΣ 13671",ΣΗΜΕΙΟ ΛΙΑΝΙΚΗΣ
23.7016598009756,38.0320571263775,"846","70001284","ΘΗΒΩΝ ΚΑΙ ΦΙΛΟΚΤΗΤΟΥ,ΙΛΙΟΝ 13122",ΣΗΜΕΙΟ ΛΙΑΝΙΚΗΣ
23.7481242607313,38.085358261993,"847","70001285","Λ.ΔΕΚΕΛΕΙΑΣ & ΠΛΗΘΩΝΟΣ ΓΕΜΙΣΤΟΥ,ΑΧΑΡΝΕΣ 13678",ΣΗΜΕΙΟ ΛΙΑΝΙΚΗΣ
23.7615298197163,37.8609238214256,"848","70001289","ΑΡΤΕΜΙΔΟΣ 51,ΓΛΥΦΑΔΑ 16674",ΣΗΜΕΙΟ ΛΙΑΝΙΚΗΣ
23.7717760038469,37.9468782019731,"849","70001290","Λ.ΚΑΡΕΑ 90,ΚΑΡΕΑΣ 16343",ΣΗΜΕΙΟ ΛΙΑΝΙΚΗΣ
23.6334570096593,37.9837415946186,"850","70001291","ΘΕΜΙΣΤΟΚΛΕΟΥΣ 88,ΝΙΚΑΙΑ 18452",ΣΗΜΕΙΟ ΛΙΑΝΙΚΗΣ
23.6480106155774,37.9438377095825,"851","70001292","ΤΣΑΜΑΔΟΥ & ΗΡ.ΠΟΛΥΤΕΧΝΕΙΟΥ 35,ΠΕΙΡΑΙΑΣ 18532",ΣΗΜΕΙΟ ΛΙΑΝΙΚΗΣ
23.8268094930979,38.0055041935577,"852","70001293","ΑΝΘΥΠΟΛΟΧΑΓΟΥ ΤΑΣΣΟΠΟΥΛΟΥ 4,ΑΓΙΑ ΠΑΡΑΣΚΕΥΗ 15342",ΣΗΜΕΙΟ ΛΙΑΝΙΚΗΣ
23.7058136108493,38.0747120310374,"853","70001294","Λ.ΦΥΛΗΣ 73,ΑΝΩ ΛΙΟΣΙΑ 13341",ΣΗΜΕΙΟ ΛΙΑΝΙΚΗΣ
23.7571487360756,37.926345351014,"854","70001295","ΗΡ. ΠΟΛΥΤΕΧΝΙΟΥ 45 & ΠΑΤΡΩΝ,ΗΛΙΟΥΠΟΛΗ 16342",ΣΗΜΕΙΟ ΛΙΑΝΙΚΗΣ
23.7884002264948,37.987312148484,"855","70001296","ΕΛΛΗΣΠΟΝΤΟΥ 16,ΠΑΠΑΓΟΥ 15669",ΣΗΜΕΙΟ ΛΙΑΝΙΚΗΣ
23.6972302083096,37.9401594807422,"856","70001299","ΠΕΝΤΕΛΗΣ 20,ΠΑΛΑΙΟ ΦΑΛΗΡΟ 17564",ΣΗΜΕΙΟ ΛΙΑΝΙΚΗΣ
23.7015555964026,38.0429083627813,"857","70001300","ΑΓΙΟΥ ΝΙΚΟΛΑΟΥ 66,ΙΛΙΟΝ 13123",ΣΗΜΕΙΟ ΛΙΑΝΙΚΗΣ
23.7322115037885,38.0424711464222,"858","70001301","ΚΑΛΥΜΝΟΥ 42,ΑΓΙΟΙ ΑΝΑΡΓΥΡΟΙ 13562",ΣΗΜΕΙΟ ΛΙΑΝΙΚΗΣ
23.7715343570355,37.9773455994928,"859","70001302","ΛΕΩΦ.ΠΑΠΑΓΟΥ 90,ΖΩΓΡΑΦΟΥ 15773",ΣΗΜΕΙΟ ΛΙΑΝΙΚΗΣ
23.8338954040591,38.0548190279475,"860","70001304","25ΗΣ ΜΑΡΤΙΟΥ 31,ΜΕΛΙΣΣΙΑ 15127",ΣΗΜΕΙΟ ΛΙΑΝΙΚΗΣ
23.6492916131725,37.939283819782,"861","70001307","ΠΛΑΤΕΙΑ ΚΑΝΑΡΗ & ΓΡ.ΛΑΜΠΡΑΚΗ 4,ΠΕΙΡΑΙΑΣ 18534",ΣΗΜΕΙΟ ΛΙΑΝΙΚΗΣ
23.6274320090488,37.945700132363,"862","70001308","ΑΓ.ΠΑΝΤΕΛΕΗΜΩΝΟΣ 9,ΔΡΑΠΕΤΣΩΝΑ 18648",ΣΗΜΕΙΟ ΛΙΑΝΙΚΗΣ
23.8712716080854,38.1203259024393,"863","70001309","ΛΕΩΦ.ΡΟΔΟΠΟΛΗΣ 11,ΡΟΔΟΠΟΛΗ ΑΤΤΙΚΗΣ 14574",ΣΗΜΕΙΟ ΛΙΑΝΙΚΗΣ
23.6959276511476,38.0131639185248,"864","70001311","ΕΘΝ.ΑΝΤΙΣΤΑΣΕΩΣ & ΠΑΝ.ΤΣΑΛΔΑΡΗ 53,ΠΕΡΙΣΤΕΡΙ 13121",ΣΗΜΕΙΟ ΛΙΑΝΙΚΗΣ
23.6930126180506,37.9722917106346,"865","70001312","ΛΕΩΦ. ΕΙΡΗΝΗΣ 24,ΤΑΥΡΟΣ 17778",ΣΗΜΕΙΟ ΛΙΑΝΙΚΗΣ
23.7654833052817,38.0470497617159,"866","70001315","ΠΕΥΚΩΝ 1,ΝΕΟ ΗΡΑΚΛΕΙΟ 14122",ΣΗΜΕΙΟ ΛΙΑΝΙΚΗΣ
23.777385084481,38.0207839206846,"867","70001316","Β.ΓΕΩΡΓΙΟΥ Β 11,ΦΙΛΟΘΕΗ 15237",ΣΗΜΕΙΟ ΛΙΑΝΙΚΗΣ
23.6121471744895,37.9652410358461,"868","70001317","ΛΕΩΦ. ΣΧΙΣΤΟΥ & ΓΚΙΩΝΑΣ,ΚΕΡΑΤΣΙΝΙ 18757",ΣΗΜΕΙΟ ΛΙΑΝΙΚΗΣ
23.7963323504536,38.0922807330588,"869","70001318","ΕΛΑΙΩΝ 40 & ΧΑΡΑΣ,ΚΗΦΙΣΙΑ ΚΗΦΙΣΙΑ 14564",ΣΗΜΕΙΟ ΛΙΑΝΙΚΗΣ
23.7930687710264,38.0591415322166,"870","70001319","Λ.ΕΙΡΗΝΗΣ & ΕΛ.ΒΕΝΙΖΕΛΟΥ,ΠΕΥΚΗ 15121",ΣΗΜΕΙΟ ΛΙΑΝΙΚΗΣ
23.6562481667327,37.9642006569813,"871","70001323","ΚΟΖΑΝΗΣ 18,ΠΕΙΡΑΙΑΣ 18542",ΣΗΜΕΙΟ ΛΙΑΝΙΚΗΣ
23.7481592950274,37.9622211343662,"872","70001324","ΝΕΟΠΤΟΛΕΜΟΥ 53,ΒΥΡΩΝΑΣ 16232",ΣΗΜΕΙΟ ΛΙΑΝΙΚΗΣ
23.8759033216904,37.8969024015229,"873","70001327","ΒΑΣΙΛΕΩΣ ΚΩΝΣΤΑΝΤΙΝΟΥ 247,ΚΟΡΩΠΙ 19400",ΣΗΜΕΙΟ ΛΙΑΝΙΚΗΣ
23.6886890265881,38.0335040979625,"874","70001331","ΙΓΝΑΤΙΟΥ 86,ΠΕΤΡΟΥΠΟΛΗ 13231",ΣΗΜΕΙΟ ΛΙΑΝΙΚΗΣ
23.6925329176889,38.0298402680157,"875","70001332","ΠΛΑΤΕΙΑ ΜΑΝΔΗΛΑΡΑ,ΙΛΙΟΝ 13121",ΣΗΜΕΙΟ ΛΙΑΝΙΚΗΣ
23.6590904362917,37.9895140096198,"876","70001336","ΕΛ ΒΕΝΙΖΕΛΟΥ 106,ΑΓ. ΒΑΡΒΑΡΑ 12351",ΣΗΜΕΙΟ ΛΙΑΝΙΚΗΣ
23.6936378454884,38.032873660556,"877","70001337","ΑΝΔΡΕΑ ΠΑΠΑΝΔΡΕΟΥ & ΠΑΓΩΝΑΤΟΥ,ΙΛΙΟΝ 13121",ΣΗΜΕΙΟ ΛΙΑΝΙΚΗΣ
23.7198650585235,38.0205985079136,"878","70001338","ΝΙΚΟΛΑΟΥ ΠΛΑΣΤΗΡΑ 40,ΑΓ. ΑΝΑΡΓΥΡΟΙ 13561",ΣΗΜΕΙΟ ΛΙΑΝΙΚΗΣ
23.7827776711315,38.0075002440838,"879","70001341","ΠΑΛΑΜΑ ΚΑΙ ΟΛΥΜΠΙΟΝΙΚΩΝ ,Ν.ΨΥΧΙΚΟ 15451",ΣΗΜΕΙΟ ΛΙΑΝΙΚΗΣ
23.7139011433522,38.0599414964182,"880","70001342","ΛΕΩΦ. ΦΥΛΗΣ ΚΑΙ ΙΦΙΓΕΝΕΙΑΣ ,ΚΑΜΑΤΕΡΟ 13451",ΣΗΜΕΙΟ ΛΙΑΝΙΚΗΣ
23.6376638201349,37.9295410336696,"881","70001343","ΑΓ. ΠΑΡΑΣΚΕΥΗΣ 35,ΠΕΙΡΑΙΑΣ 18539",ΣΗΜΕΙΟ ΛΙΑΝΙΚΗΣ
23.7353493190759,37.9964476704653,"882","70001345",ΠΛ. ΚΥΨΕΛΗΣ 15 ΚΥΨΕΛΗ 11361,ΣΗΜΕΙΟ ΛΙΑΝΙΚΗΣ
23.7136226656142,38.0594442606353,"883","70001347","Λ.ΦΥΛΗΣ 171,ΚΑΜΑΤΕΡΟ 11252",ΣΗΜΕΙΟ ΛΙΑΝΙΚΗΣ
23.7475852715609,38.0915716182183,"884","70001350","ΛΑΘΕΑΣ 14,ΑΧΑΡΝΕΣ 13678",ΣΗΜΕΙΟ ΛΙΑΝΙΚΗΣ
23.7013471872567,37.9567476005368,"885","70001353","ΣΙΒΙΤΑΝΙΔΟΥ 6,ΚΑΛΛΙΘΕΑ 17675",ΣΗΜΕΙΟ ΛΙΑΝΙΚΗΣ
23.6919310464485,37.9496493892608,"886","70001354","ΕΛ.ΒΕΝΙΖΕΛΟΥ 285,ΚΑΛΛΙΘΕΑ 17674",ΣΗΜΕΙΟ ΛΙΑΝΙΚΗΣ
23.7123021421465,37.9772839947039,"887","70001357","ΙΑΚΧΟΥ 33 & ΠΕΡΣΕΦΟΝΗΣ,ΑΘΗΝΑ 11854",ΣΗΜΕΙΟ ΛΙΑΝΙΚΗΣ
23.8503785912074,37.9871174469721,"888","70001358","Λ. ΛΑΥΡΙΟΥ 158,ΓΛΥΚΑ ΝΕΡΑ 15354",ΣΗΜΕΙΟ ΛΙΑΝΙΚΗΣ
23.7395696042807,38.0063302253131,"889","70001361","ΣΙΚΙΝΟΥ 80,ΚΥΨΕΛΗ 11364",ΣΗΜΕΙΟ ΛΙΑΝΙΚΗΣ
23.70083604586,37.9570096708488,"890","70001363","ΣΑΠΦΟΥΣ & ΣΙΒΙΤΑΝΙΔΟΥ,ΚΑΛΛΙΘΕΑ 17676",ΣΗΜΕΙΟ ΛΙΑΝΙΚΗΣ
23.6957309201004,37.9718753175591,"891","70001365","Λ. ΕΙΡΗΝΗΣ 12,ΤΑΥΡΟΣ 17778",ΣΗΜΕΙΟ ΛΙΑΝΙΚΗΣ
23.751196499003,37.9212043328343,"892","70001366","ΚΥΠΡΙΩΝ ΗΡΩΩΝ 71,ΗΛΙΟΥΠΟΛΗ 16341",ΣΗΜΕΙΟ ΛΙΑΝΙΚΗΣ
23.6598405295539,37.9726535741273,"893","70001368","ΠΕΤΡΟΥ ΡΑΛΛΗ 151,ΝΙΚΑΙΑ 18454",ΣΗΜΕΙΟ ΛΙΑΝΙΚΗΣ
23.650463016303,37.9765716413202,"894","70001369","ΑΓΙΟΥ ΓΕΩΡΓΙΟΥ ΚΑΙ ΠΛΑΤΕΙΑ ΕΛΕΥΘΕΡΙΑΣ,ΚΟΡΥΔΑΛΛΟΣ 18120",ΣΗΜΕΙΟ ΛΙΑΝΙΚΗΣ
23.7062627684914,37.9369996841649,"895","70001371","ΚΥΠΡΟΥ 16,Π.ΦΑΛΗΡΟ 17564",ΣΗΜΕΙΟ ΛΙΑΝΙΚΗΣ
23.7101470837799,37.9678210268378,"896","70001372","ΤΡΙΩΝ ΙΕΡΑΡΧΩΝ 151,ΑΝΩ ΠΕΤΡΑΛΩΝΑ 11851",ΣΗΜΕΙΟ ΛΙΑΝΙΚΗΣ
23.5577676587653,37.9642389012578,"897","70001374","Λ.ΔΗΜΟΚΡΑΤΙΑΣ 15,ΠΕΡΑΜΑ 18863",ΣΗΜΕΙΟ ΛΙΑΝΙΚΗΣ
23.7959505664579,38.0046491311755,"898","70001375","ΦΑΝΕΡΩΜΕΝΗΣ 4,ΧΟΛΑΡΓΟΣ 15561",ΣΗΜΕΙΟ ΛΙΑΝΙΚΗΣ
23.7420318864744,38.07537180865,"899","70001376","ΚΩΝ/ΝΟΥ ΚΟΥΜΠΟΥΡΗ 27,ΑΧΑΡΝΕΣ 13673",ΣΗΜΕΙΟ ΛΙΑΝΙΚΗΣ
23.6932964856804,38.0154237454618,"900","70001377","ΠΑΝΑΓΗ ΤΣΑΛΔΑΡΗ 40,ΠΕΡΙΣΤΕΡΙ 12132",ΣΗΜΕΙΟ ΛΙΑΝΙΚΗΣ
23.756138131381,37.9817017058697,"901","70001378","ΒΑΣ.ΣΟΦΙΑΣ 90-92,ΑΘΗΝΑ 11528",ΣΗΜΕΙΟ ΛΙΑΝΙΚΗΣ
23.6970469519916,37.96065164309,"902","70001379","ΘΕΣΣΑΛΟΝΙΚΗΣ ΚΑΙ ΑΡΧΙΜΗΔΟΥΣ,ΚΑΛΛΙΘΕΑ 17676",ΣΗΜΕΙΟ ΛΙΑΝΙΚΗΣ
23.6964810133626,37.9317956423858,"903","70001380","ΠΛΕΙΑΔΩΝ 9,Π. ΦΑΛΗΡΟ 17561",ΣΗΜΕΙΟ ΛΙΑΝΙΚΗΣ
23.8401153390863,38.0500470715595,"904","70001381","ΑΝΔΡΕΑ ΠΑΠΑΝΔΡΕΟΥ 9,ΜΕΛΙΣΣΙΑ 15127",ΣΗΜΕΙΟ ΛΙΑΝΙΚΗΣ
23.7378232793683,38.0574262832982,"905","70001382","ΦΙΛΑΔΕΛΦΕΙΑΣ 314Α,ΑΧΑΡΝΕΣ 13671",ΣΗΜΕΙΟ ΛΙΑΝΙΚΗΣ
23.7924516284262,37.9867195462754,"906","70001384","ΑΡΓΥΡΟΚΑΣΤΡΟΥ & ΠΙΝΔΟΥ,ΠΑΠΑΓΟΥ 15669",ΣΗΜΕΙΟ ΛΙΑΝΙΚΗΣ
23.6995927775068,37.9269228516206,"907","70001385","ΝΑΙΑΔΩΝ 98,ΠΑΛΑΙΟ ΦΑΛΗΡΟ 17562",ΣΗΜΕΙΟ ΛΙΑΝΙΚΗΣ
23.7241868533554,37.9550951194387,"908","70001387","ΜΑΧΗΣ ΑΝΑΛΑΤΟΥ 50,Ν.ΚΟΣΜΟΣ 17121",ΣΗΜΕΙΟ ΛΙΑΝΙΚΗΣ
23.6286968369688,37.9753147385187,"909","70001388","ΠΕΡΡΑΙΒΟΥ 32,ΚΕΡΑΤΣΙΝΙ 18757",ΣΗΜΕΙΟ ΛΙΑΝΙΚΗΣ
23.7150788346897,37.9477452718078,"910","70001389","ΑΓΙΑΣ ΦΩΤΕΙΝΗΣ 53,Ν. ΣΜΥΡΝΗ 17121",ΣΗΜΕΙΟ ΛΙΑΝΙΚΗΣ
23.7458326584416,38.02010666642,"911","70001390","ΧΑΛΕΠΑ 68,ΑΘΗΝΑ 11141",ΣΗΜΕΙΟ ΛΙΑΝΙΚΗΣ
23.7390090555434,37.9793926901381,"912","70001391","ΣΚΟΥΦΑ 32,ΚΟΛΩΝΑΚΙ 10673",ΣΗΜΕΙΟ ΛΙΑΝΙΚΗΣ
23.7669978648507,38.0153826969248,"913","70001392","ΠΛΑΤΕΙΑ ΣΟΛΩΜΟΥ,ΠΑΛΑΙΟ ΨΥΧΙΚΟ 10556",ΣΗΜΕΙΟ ΛΙΑΝΙΚΗΣ
23.7498139917808,37.8923484404274,"914","70001394","ΙΑΣΩΝΙΔΟΥ 9,ΕΛΛΗΝΙΚΟ 16777",ΣΗΜΕΙΟ ΛΙΑΝΙΚΗΣ
23.741571949049,37.9877249139806,"915","70001395","ΒΟΥΛΓΑΡΟΚΤΟΝΟΥ 52,ΑΘΗΝΑ 11473",ΣΗΜΕΙΟ ΛΙΑΝΙΚΗΣ
23.7198614652624,37.984873740266,"916","70001396","ΑΧΙΛΛΕΩΣ 27,ΑΘΗΝΑ 10436",ΣΗΜΕΙΟ ΛΙΑΝΙΚΗΣ
23.6281111354035,37.9567716827126,"917","70001397","ΜΑΔΥΤΟΥ 5,ΚΕΡΑΤΣΙΝΙ 18755",ΣΗΜΕΙΟ ΛΙΑΝΙΚΗΣ
23.767972536934,37.9842464246982,"918","70001398","ΘΗΒΩΝ ΚΑΙ ΜΙΚΡΑΣ ΑΣΙΑΣ,ΑΘΗΝΑ 11527",ΣΗΜΕΙΟ ΛΙΑΝΙΚΗΣ
23.6644381071781,38.0102146440344,"919","70001400","ΚΑΡΑΙΣΚΑΚΗ & ΣΚΥΡΟΥ 105,ΧΑΙΔΑΡΙ 12461",ΣΗΜΕΙΟ ΛΙΑΝΙΚΗΣ
23.762332015265,37.9566392306481,"920","70001402","ΚΑΡΑΟΛΗ ΚΑΙ ΔΗΜΗΤΡΙΟΥ 26,ΒΥΡΩΝΑΣ 16233",ΣΗΜΕΙΟ ΛΙΑΝΙΚΗΣ
23.7492884773396,38.014489531687,"921","70001403","ΚΑΡΑΙΣΚΑΚΗ 3,ΓΑΛΑΤΣΙ 11146",ΣΗΜΕΙΟ ΛΙΑΝΙΚΗΣ
23.6449033430096,37.9400546286852,"922","70001404","2ΑΣ ΜΕΡΑΡΧΙΑΣ 22, ΠΕΙΡΑΙΑΣ 18535",ΣΗΜΕΙΟ ΛΙΑΝΙΚΗΣ
23.9768245522848,38.0829634194173,"923","70001405","ΑΓΙΑΣ ΠΑΡΑΣΚΕΥΗΣ 3, ΝΕΑ ΜΑΚΡΗ 19005",ΣΗΜΕΙΟ ΛΙΑΝΙΚΗΣ
23.7001317666773,37.9324680437304,"924","70001406","ΑΓΙΑΣ ΤΡΙΑΔΟΣ & ΠΑΛΑΙΟΛΟΓΟΥ 1, ΠΑΛΑΙΟ ΦΑΛΗΡΟ 17564",ΣΗΜΕΙΟ ΛΙΑΝΙΚΗΣ
23.734300086824,37.98154168443,"925","70001407","ΑΚΑΔΗΜΙΑΣ & ΡΗΓΑ ΦΕΡΑΙΟΥ, ΑΘΗΝΑ 10679",ΣΗΜΕΙΟ ΛΙΑΝΙΚΗΣ
23.7585788540079,37.9437633250374,"926","70001408","ΑΛ. ΠΑΝΑΓΟΥΛΗ 2 ΗΛΙΟΥΠΟΛΗ, 16345",ΣΗΜΕΙΟ ΛΙΑΝΙΚΗΣ
23.9063292603635,37.9659754537115,"927","70001409","ΑΝΑΣΤΑΣΕΩΣ ΧΡΙΣΤΟΥ 1 , ΣΠΑΤΑ 19004",ΣΗΜΕΙΟ ΛΙΑΝΙΚΗΣ
23.6413720656277,37.9550150797618,"928","70001410","ΑΝΤΙΠΛΟΙΑΡΧΟΥ ΠΑΝΑΓΙΩΤΗ ΒΛΑΧΑΚΟΥ & ΠΑΛΑΜΙΔΙΟΥ 29, ΠΕΙΡΑΙΑΣ 18545",ΣΗΜΕΙΟ ΛΙΑΝΙΚΗΣ
23.8212219720307,38.00688090798,"929","70001411","ΕΙΡΗΝΗΣ 75, ΑΓΙΑ ΠΑΡΑΣΚΕΥΗ 15341",ΣΗΜΕΙΟ ΛΙΑΝΙΚΗΣ
23.9784352315892,38.0834520104396,"930","70001412","ΕΛ. ΒΕΝΙΖΕΛΟΥ & Λ. ΜΑΡΑΘΩΝΟ,Σ Ν. ΜΑΚΡΗ 19005",ΣΗΜΕΙΟ ΛΙΑΝΙΚΗΣ
23.6263333694563,37.9510420272528,"931","70001413","ΕΛΕΥΘΕΡΙΟΥ ΒΕΝΙΖΕΛΟΥ 80, ΔΡΑΠΕΤΣΩΝΑ 18648",ΣΗΜΕΙΟ ΛΙΑΝΙΚΗΣ
23.7037079598233,37.9570323363453,"932","70001414","ΘΗΣΕΩΣ 149 ΚΑΛΛΙΘΕΑ, 17672",ΣΗΜΕΙΟ ΛΙΑΝΙΚΗΣ
23.7438878058514,37.9869942537486,"933","70001415","ΙΠΠΟΚΡΑΤΟΥΣ 167 ΑΘΗΝΑ, 11471",ΣΗΜΕΙΟ ΛΙΑΝΙΚΗΣ
23.7403511385779,37.9975959018653,"934","70001416","ΚΕΡΚΥΡΑΣ 32, ΚΥΨΕΛΗ 11362",ΣΗΜΕΙΟ ΛΙΑΝΙΚΗΣ
23.7414093539826,37.9988474677732,"935","70001417","ΚΕΡΚΥΡΑΣ 65, ΚΥΨΕΛΗ 11362",ΣΗΜΕΙΟ ΛΙΑΝΙΚΗΣ
23.7635088082872,37.9796454746105,"936","70001418","Λ. ΠΑΠΑΓΟΥ 15, ΖΩΓΡΑΦΟΥ 15773",ΣΗΜΕΙΟ ΛΙΑΝΙΚΗΣ
23.7600215483542,37.9870317781432,"937","70001419","Λ. ΑΛΕΞΑΝΔΡΑΣ 217, 11523",ΣΗΜΕΙΟ ΛΙΑΝΙΚΗΣ
23.5577631671889,37.9639428617095,"938","70001420","ΛΕΩΦ. ΔΗΜΟΚΡΑΤΙΑΣ (ΕΝΑΝΤΙ 17) ΤΕΡΜΑ, ΠΕΡΑΜΑ 18863",ΣΗΜΕΙΟ ΛΙΑΝΙΚΗΣ
23.7665136729126,37.9739692975849,"939","70001421","ΜΟΥΣΚΟΥ 4, ΙΛΙΣΙΑ 15771",ΣΗΜΕΙΟ ΛΙΑΝΙΚΗΣ
23.6361753117091,37.9781655755512,"940","70001422","ΝΑΥΑΡΧΟΥ ΒΟΤΣΗ & ΓΡΗΓΟΡΙΟΥ  ΛΑΜΠΡΑΚΗ, ΝΙΚΑΙΑ 18452",ΣΗΜΕΙΟ ΛΙΑΝΙΚΗΣ
23.6630304471278,37.9738538717667,"941","70001423","Π. ΡΑΛΛΗ 133, ΝΙΚΑΙΑ 18450",ΣΗΜΕΙΟ ΛΙΑΝΙΚΗΣ
23.7330110043913,37.9799924322726,"942","70001424","ΠΑΝΕΠΙΣΤΗΜΙΟΥ 35, ΑΘΗΝΑ 10564",ΣΗΜΕΙΟ ΛΙΑΝΙΚΗΣ
23.7331367685311,37.9999673463108,"943","70001425","ΠΑΤΗΣΙΩΝ 151, ΑΘΗΝΑ 11251",ΣΗΜΕΙΟ ΛΙΑΝΙΚΗΣ
23.7078923124168,37.9734905979152,"944","70001426","ΠΕΙΡΑΙΩΣ 155, ΠΕΤΡΑΛΩΝΑ 11854",ΣΗΜΕΙΟ ΛΙΑΝΙΚΗΣ
23.6828463839802,38.0128567522034,"945","70001427","ΠΕΛΑΣΓΙΑΣ 51, ΠΕΡΙΣΤΕΡΙ 12136",ΣΗΜΕΙΟ ΛΙΑΝΙΚΗΣ
23.6461178652737,37.9684881412417,"946","70001428","ΠΕΤΡΟΥ ΡΑΛΛΗ 306, ΝΙΚΑΙΑ 18450",ΣΗΜΕΙΟ ΛΙΑΝΙΚΗΣ
23.6413523026915,37.9757495231058,"947","70001429",ΠΛ. ΔΗΜΟΚΡΑΤΙΑΣ (ΕΝΑΝΤΙ 2) ΝΙΚΑΙΑ 18451,ΣΗΜΕΙΟ ΛΙΑΝΙΚΗΣ
24.0076331732689,38.0207152755531,"948","70001430","ΚΕΝΤΡΙΚΗ ΠΛΑΤΕΙΑ ΡΑΦΗΝΑΣ - ΠΑΡΚΟ ΜΝΗΜΗΣ, ΡΑΦΗΝΑ 19009",ΣΗΜΕΙΟ ΛΙΑΝΙΚΗΣ
23.9676338886129,38.2026524839678,"949","70001431","ΠΛΑΤΕΙΑ ΗΡΩΩΝ 17, ΜΑΡΑΘΩΝΑΣ 19007",ΣΗΜΕΙΟ ΛΙΑΝΙΚΗΣ
23.8301647006841,38.1400626046922,"950","70001432","ΠΛΑΤΕΙΑ ΚΡΥΟΝΕΡΙΟΥ (ΜΙΚΡΑΣ ΑΣΙΑΣ), ΚΡΥΟΝΕΡΙ 14568",ΣΗΜΕΙΟ ΛΙΑΝΙΚΗΣ
23.6411403002844,37.9551404516064,"951","70001433","ΡΟΔΟΠΗΣ & ΑΝΤΙΠΛΟΙΑΡΧΟΥ ΠΑΝΑΓΙΩΤΗ ΒΛΑΧΑΚΟΥ, ΠΕΙΡΑΙΑΣ 18545",ΣΗΜΕΙΟ ΛΙΑΝΙΚΗΣ
23.6646393298017,38.0076630401342,"952","70001434","ΣΤΡ. ΚΑΡΑΙΣΚΑΚΗ 83, ΧΑΙΔΑΡΙ 12461",ΣΗΜΕΙΟ ΛΙΑΝΙΚΗΣ
23.7995276579192,37.9928258807855,"953","70001435","ΣΤΡΑΤΗΓΟΥ ΚΟΚΚΟΛΑ 18, ΧΟΛΑΡΓΟΣ 15561",ΣΗΜΕΙΟ ΛΙΑΝΙΚΗΣ
23.7368566921226,37.9980588704764,"954","70001436","ΤΗΝΟΥ 53 ΑΘΗΝΑ, 11361",ΣΗΜΕΙΟ ΛΙΑΝΙΚΗΣ
23.755249697565,37.9807599817621,"955","70001800","ΒΑΣ.ΣΟΦΙΑΣ 82,ΑΘΗΝΑ 11528",ΣΗΜΕΙΟ ΛΙΑΝΙΚΗΣ
23.6556301258173,37.9527597666422,"956","70001801","ΔΩΔΕΚΑΝΗΣΟΥ 37,ΚΑΜΙΝΙΑ 18540",ΣΗΜΕΙΟ ΛΙΑΝΙΚΗΣ
